frame,cmd_gas,cmd_brake,cmd_steering,MainMode_ACC,SCCInfoDisplay,AliveCounterACC,VSetDis,ObjValid,DriverAlertDisplay,TauGapSet,ACC_ObjStatus,ACC_ObjLatPos,ACC_ObjDist,ACC_ObjRelSpd,Navi_SCC_Curve_Status,Navi_SCC_Curve_Act,Navi_SCC_Camera_Act,Navi_SCC_Camera_Status,ACCMode,CF_VSM_Prefill,CF_VSM_DecCmdAct,CF_VSM_HBACmd,CF_VSM_Warn,CF_VSM_Stat,CF_VSM_BeltCmd,ACCFailInfo,StopReq,CR_VSM_DecCmd,aReqRaw,TakeOverReq,PreFill,aReqValue,CF_VSM_ConfMode,AEB_Failinfo,AEB_Status,AEB_CmdAct,AEB_StopReq,CR_VSM_Alive,CR_VSM_ChkSum,SCCDrvModeRValue,SCC_Equip,AebDrvSetStatus,CF_Lkas_LdwsActivemode,CF_Lkas_LdwsSysState,CF_Lkas_SysWarning,CF_Lkas_LdwsLHWarning,CF_Lkas_LdwsRHWarning,CF_Lkas_HbaLamp,CF_Lkas_FcwBasReq,CF_Lkas_ToiFlt,CF_Lkas_HbaSysState,CF_Lkas_FcwOpt,CF_Lkas_HbaOpt,CF_Lkas_FcwSysState,CF_Lkas_FcwCollisionWarning,CF_Lkas_MsgCount,CF_Lkas_FusionState,CF_Lkas_FcwOpt_USM,CF_Lkas_LdwsOpt_USM,CR_Mdps_StrAng,CF_Mdps_Stat,CR_Mdps_StrColTq,CF_Mdps_Def,CF_Mdps_ToiActive,CF_Mdps_ToiUnavail,CF_Mdps_MsgCount2,CF_Mdps_Chksum2,CF_Mdps_ToiFlt,CF_Mdps_SErr,CR_Mdps_StrTq,CF_Mdps_FailStat,CR_Mdps_OutTq
1,1.0,0.0,180.0,0.0,0.0,8.0,30.0,0.0,0.0,4.0,0.0,0.0,150.0,0.0,0.0,0.0,0.0,3.0,0.0,0.0,0.0,0.0,0.0,0.0,0.0,0.0,0.0,0.0,0.0,0.0,0.0,0.0,1.0,3.0,2.0,0.0,0.0,4.0,8.0,3.0,1.0,3.0,2.0,15.0,0.0,0.0,0.0,0.0,0.0,1.0,1.0,0.0,1.0,0.0,0.0,12.0,0.0,0.0,3.0,-14.3,6.0,-10.0,0.0,0.0,0.0,113.0,136.0,1.0,0.0,-0.0799999999999983,1.0,-0.19999999999998863
2,1.0,0.0,180.0,0.0,0.0,8.0,30.0,0.0,0.0,4.0,0.0,0.0,150.0,0.0,0.0,0.0,0.0,3.0,0.0,0.0,0.0,0.0,0.0,0.0,0.0,0.0,0.0,0.0,0.0,0.0,0.0,0.0,1.0,3.0,2.0,0.0,0.0,4.0,8.0,3.0,1.0,3.0,2.0,15.0,0.0,0.0,0.0,0.0,0.0,1.0,1.0,0.0,1.0,0.0,0.0,12.0,0.0,0.0,3.0,-14.3,6.0,-10.0,0.0,0.0,0.0,113.0,136.0,1.0,0.0,-0.0799999999999983,1.0,-0.19999999999998863
3,1.0,0.0,180.0,0.0,0.0,8.0,30.0,0.0,0.0,4.0,0.0,0.0,150.0,0.0,0.0,0.0,0.0,3.0,0.0,0.0,0.0,0.0,0.0,0.0,0.0,0.0,0.0,0.0,0.0,0.0,0.0,0.0,1.0,3.0,2.0,0.0,0.0,4.0,8.0,3.0,1.0,3.0,2.0,15.0,0.0,0.0,0.0,0.0,0.0,1.0,1.0,0.0,1.0,0.0,0.0,12.0,0.0,0.0,3.0,-14.3,6.0,-10.0,0.0,0.0,0.0,113.0,136.0,1.0,0.0,-0.0799999999999983,1.0,-0.19999999999998863
4,1.0,0.0,180.0,0.0,0.0,8.0,30.0,0.0,0.0,4.0,0.0,0.0,150.0,0.0,0.0,0.0,0.0,3.0,0.0,0.0,0.0,0.0,0.0,0.0,0.0,0.0,0.0,0.0,0.0,0.0,0.0,0.0,1.0,3.0,2.0,0.0,0.0,4.0,8.0,3.0,1.0,3.0,2.0,15.0,0.0,0.0,0.0,0.0,0.0,1.0,1.0,0.0,1.0,0.0,0.0,12.0,0.0,0.0,3.0,-14.3,6.0,-10.0,0.0,0.0,0.0,113.0,136.0,1.0,0.0,-0.0799999999999983,1.0,-0.19999999999998863
5,1.0,0.0,180.0,0.0,0.0,8.0,30.0,0.0,0.0,4.0,0.0,0.0,150.0,0.0,0.0,0.0,0.0,3.0,0.0,0.0,0.0,0.0,0.0,0.0,0.0,0.0,0.0,0.0,0.0,0.0,0.0,0.0,1.0,3.0,2.0,0.0,0.0,4.0,8.0,3.0,1.0,3.0,2.0,15.0,0.0,0.0,0.0,0.0,0.0,1.0,1.0,0.0,1.0,0.0,0.0,12.0,0.0,0.0,3.0,-14.3,6.0,-10.0,0.0,0.0,0.0,113.0,136.0,1.0,0.0,-0.0799999999999983,1.0,-0.19999999999998863
6,1.0,0.0,180.0,0.0,0.0,8.0,30.0,0.0,0.0,4.0,0.0,0.0,150.0,0.0,0.0,0.0,0.0,3.0,0.0,0.0,0.0,0.0,0.0,0.0,0.0,0.0,0.0,0.0,0.0,0.0,0.0,0.0,1.0,3.0,2.0,0.0,0.0,4.0,8.0,3.0,1.0,3.0,2.0,15.0,0.0,0.0,0.0,0.0,0.0,1.0,1.0,0.0,1.0,0.0,0.0,12.0,0.0,0.0,3.0,-14.3,6.0,-10.0,0.0,0.0,0.0,113.0,136.0,1.0,0.0,-0.0799999999999983,1.0,-0.19999999999998863
7,1.0,0.0,180.0,0.0,0.0,8.0,30.0,0.0,0.0,4.0,0.0,0.0,150.0,0.0,0.0,0.0,0.0,3.0,0.0,0.0,0.0,0.0,0.0,0.0,0.0,0.0,0.0,0.0,0.0,0.0,0.0,0.0,1.0,3.0,2.0,0.0,0.0,4.0,8.0,3.0,1.0,3.0,2.0,15.0,0.0,0.0,0.0,0.0,0.0,1.0,1.0,0.0,1.0,0.0,0.0,12.0,0.0,0.0,3.0,-14.3,6.0,-10.0,0.0,0.0,0.0,113.0,136.0,1.0,0.0,-0.0799999999999983,1.0,-0.19999999999998863
8,1.0,0.0,180.0,0.0,0.0,8.0,30.0,0.0,0.0,4.0,0.0,0.0,150.0,0.0,0.0,0.0,0.0,3.0,0.0,0.0,0.0,0.0,0.0,0.0,0.0,0.0,0.0,0.0,0.0,0.0,0.0,0.0,1.0,3.0,2.0,0.0,0.0,4.0,8.0,3.0,1.0,3.0,2.0,15.0,0.0,0.0,0.0,0.0,0.0,1.0,1.0,0.0,1.0,0.0,0.0,12.0,0.0,0.0,3.0,-14.3,6.0,-10.0,0.0,0.0,0.0,113.0,136.0,1.0,0.0,-0.0799999999999983,1.0,-0.19999999999998863
9,1.0,0.0,180.0,0.0,0.0,8.0,30.0,0.0,0.0,4.0,0.0,0.0,150.0,0.0,0.0,0.0,0.0,3.0,0.0,0.0,0.0,0.0,0.0,0.0,0.0,0.0,0.0,0.0,0.0,0.0,0.0,0.0,1.0,3.0,2.0,0.0,0.0,4.0,8.0,3.0,1.0,3.0,2.0,15.0,0.0,0.0,0.0,0.0,0.0,1.0,1.0,0.0,1.0,0.0,0.0,12.0,0.0,0.0,3.0,-14.3,6.0,-10.0,0.0,0.0,0.0,113.0,136.0,1.0,0.0,-0.0799999999999983,1.0,-0.19999999999998863
10,1.0,0.0,180.0,0.0,0.0,8.0,30.0,0.0,0.0,4.0,0.0,0.0,150.0,0.0,0.0,0.0,0.0,3.0,0.0,0.0,0.0,0.0,0.0,0.0,0.0,0.0,0.0,0.0,0.0,0.0,0.0,0.0,1.0,3.0,2.0,0.0,0.0,4.0,8.0,3.0,1.0,3.0,2.0,15.0,0.0,0.0,0.0,0.0,0.0,1.0,1.0,0.0,1.0,0.0,0.0,12.0,0.0,0.0,3.0,-14.3,6.0,-10.0,0.0,0.0,0.0,113.0,136.0,1.0,0.0,-0.0799999999999983,1.0,-0.19999999999998863
11,1.0,0.0,180.0,0.0,0.0,8.0,30.0,0.0,0.0,4.0,0.0,0.0,150.0,0.0,0.0,0.0,0.0,3.0,0.0,0.0,0.0,0.0,0.0,0.0,0.0,0.0,0.0,0.0,0.0,0.0,0.0,0.0,1.0,3.0,2.0,0.0,0.0,4.0,8.0,3.0,1.0,3.0,2.0,15.0,0.0,0.0,0.0,0.0,0.0,1.0,1.0,0.0,1.0,0.0,0.0,12.0,0.0,0.0,3.0,-14.3,6.0,-10.0,0.0,0.0,0.0,113.0,136.0,1.0,0.0,-0.0799999999999983,1.0,-0.19999999999998863
12,1.0,0.0,180.0,0.0,0.0,8.0,30.0,0.0,0.0,4.0,0.0,0.0,150.0,0.0,0.0,0.0,0.0,3.0,0.0,0.0,0.0,0.0,0.0,0.0,0.0,0.0,0.0,0.0,0.0,0.0,0.0,0.0,1.0,3.0,2.0,0.0,0.0,4.0,8.0,3.0,1.0,3.0,2.0,15.0,0.0,0.0,0.0,0.0,0.0,1.0,1.0,0.0,1.0,0.0,0.0,12.0,0.0,0.0,3.0,-14.3,6.0,-10.0,0.0,0.0,0.0,113.0,136.0,1.0,0.0,-0.0799999999999983,1.0,-0.19999999999998863
13,1.0,0.0,180.0,0.0,0.0,8.0,30.0,0.0,0.0,4.0,0.0,0.0,150.0,0.0,0.0,0.0,0.0,3.0,0.0,0.0,0.0,0.0,0.0,0.0,0.0,0.0,0.0,0.0,0.0,0.0,0.0,0.0,1.0,3.0,2.0,0.0,0.0,4.0,8.0,3.0,1.0,3.0,2.0,15.0,0.0,0.0,0.0,0.0,0.0,1.0,1.0,0.0,1.0,0.0,0.0,12.0,0.0,0.0,3.0,-14.3,6.0,-10.0,0.0,0.0,0.0,113.0,136.0,1.0,0.0,-0.0799999999999983,1.0,-0.19999999999998863
14,1.0,0.0,180.0,0.0,0.0,8.0,30.0,0.0,0.0,4.0,0.0,0.0,150.0,0.0,0.0,0.0,0.0,3.0,0.0,0.0,0.0,0.0,0.0,0.0,0.0,0.0,0.0,0.0,0.0,0.0,0.0,0.0,1.0,3.0,2.0,0.0,0.0,4.0,8.0,3.0,1.0,3.0,2.0,15.0,0.0,0.0,0.0,0.0,0.0,1.0,1.0,0.0,1.0,0.0,0.0,12.0,0.0,0.0,3.0,-14.3,6.0,-10.0,0.0,0.0,0.0,113.0,136.0,1.0,0.0,-0.0799999999999983,1.0,-0.19999999999998863
15,1.0,0.0,180.0,0.0,0.0,8.0,30.0,0.0,0.0,4.0,0.0,0.0,150.0,0.0,0.0,0.0,0.0,3.0,0.0,0.0,0.0,0.0,0.0,0.0,0.0,0.0,0.0,0.0,0.0,0.0,0.0,0.0,1.0,3.0,2.0,0.0,0.0,4.0,8.0,3.0,1.0,3.0,2.0,15.0,0.0,0.0,0.0,0.0,0.0,1.0,1.0,0.0,1.0,0.0,0.0,12.0,0.0,0.0,3.0,-14.3,6.0,-10.0,0.0,0.0,0.0,113.0,136.0,1.0,0.0,-0.0799999999999983,1.0,-0.19999999999998863
16,1.0,0.0,180.0,0.0,0.0,8.0,30.0,0.0,0.0,4.0,0.0,0.0,150.0,0.0,0.0,0.0,0.0,3.0,0.0,0.0,0.0,0.0,0.0,0.0,0.0,0.0,0.0,0.0,0.0,0.0,0.0,0.0,1.0,3.0,2.0,0.0,0.0,4.0,8.0,3.0,1.0,3.0,2.0,15.0,0.0,0.0,0.0,0.0,0.0,1.0,1.0,0.0,1.0,0.0,0.0,12.0,0.0,0.0,3.0,-14.3,6.0,-10.0,0.0,0.0,0.0,113.0,136.0,1.0,0.0,-0.0799999999999983,1.0,-0.19999999999998863
17,1.0,0.0,180.0,0.0,0.0,8.0,30.0,0.0,0.0,4.0,0.0,0.0,150.0,0.0,0.0,0.0,0.0,3.0,0.0,0.0,0.0,0.0,0.0,0.0,0.0,0.0,0.0,0.0,0.0,0.0,0.0,0.0,1.0,3.0,2.0,0.0,0.0,4.0,8.0,3.0,1.0,3.0,2.0,15.0,0.0,0.0,0.0,0.0,0.0,1.0,1.0,0.0,1.0,0.0,0.0,12.0,0.0,0.0,3.0,-14.3,6.0,-10.0,0.0,0.0,0.0,113.0,136.0,1.0,0.0,-0.0799999999999983,1.0,-0.19999999999998863
18,1.0,0.0,180.0,0.0,0.0,8.0,30.0,0.0,0.0,4.0,0.0,0.0,150.0,0.0,0.0,0.0,0.0,3.0,0.0,0.0,0.0,0.0,0.0,0.0,0.0,0.0,0.0,0.0,0.0,0.0,0.0,0.0,1.0,3.0,2.0,0.0,0.0,4.0,8.0,3.0,1.0,3.0,2.0,15.0,0.0,0.0,0.0,0.0,0.0,1.0,1.0,0.0,1.0,0.0,0.0,12.0,0.0,0.0,3.0,-14.3,6.0,-10.0,0.0,0.0,0.0,113.0,136.0,1.0,0.0,-0.0799999999999983,1.0,-0.19999999999998863
19,1.0,0.0,180.0,0.0,0.0,8.0,30.0,0.0,0.0,4.0,0.0,0.0,150.0,0.0,0.0,0.0,0.0,3.0,0.0,0.0,0.0,0.0,0.0,0.0,0.0,0.0,0.0,0.0,0.0,0.0,0.0,0.0,1.0,3.0,2.0,0.0,0.0,4.0,8.0,3.0,1.0,3.0,2.0,15.0,0.0,0.0,0.0,0.0,0.0,1.0,1.0,0.0,1.0,0.0,0.0,12.0,0.0,0.0,3.0,-14.3,6.0,-10.0,0.0,0.0,0.0,113.0,136.0,1.0,0.0,-0.0799999999999983,1.0,-0.19999999999998863
20,1.0,0.0,180.0,0.0,0.0,8.0,30.0,0.0,0.0,4.0,0.0,0.0,150.0,0.0,0.0,0.0,0.0,3.0,0.0,0.0,0.0,0.0,0.0,0.0,0.0,0.0,0.0,0.0,0.0,0.0,0.0,0.0,1.0,3.0,2.0,0.0,0.0,4.0,8.0,3.0,1.0,3.0,2.0,15.0,0.0,0.0,0.0,0.0,0.0,1.0,1.0,0.0,1.0,0.0,0.0,12.0,0.0,0.0,3.0,-14.3,6.0,-10.0,0.0,0.0,0.0,113.0,136.0,1.0,0.0,-0.0799999999999983,1.0,-0.19999999999998863
21,1.0,0.0,180.0,0.0,0.0,8.0,30.0,0.0,0.0,4.0,0.0,0.0,150.0,0.0,0.0,0.0,0.0,3.0,0.0,0.0,0.0,0.0,0.0,0.0,0.0,0.0,0.0,0.0,0.0,0.0,0.0,0.0,1.0,3.0,2.0,0.0,0.0,4.0,8.0,3.0,1.0,3.0,2.0,15.0,0.0,0.0,0.0,0.0,0.0,1.0,1.0,0.0,1.0,0.0,0.0,12.0,0.0,0.0,3.0,-14.3,6.0,-10.0,0.0,0.0,0.0,113.0,136.0,1.0,0.0,-0.0799999999999983,1.0,-0.19999999999998863
22,1.0,0.0,180.0,0.0,0.0,8.0,30.0,0.0,0.0,4.0,0.0,0.0,150.0,0.0,0.0,0.0,0.0,3.0,0.0,0.0,0.0,0.0,0.0,0.0,0.0,0.0,0.0,0.0,0.0,0.0,0.0,0.0,1.0,3.0,2.0,0.0,0.0,4.0,8.0,3.0,1.0,3.0,2.0,15.0,0.0,0.0,0.0,0.0,0.0,1.0,1.0,0.0,1.0,0.0,0.0,12.0,0.0,0.0,3.0,-14.3,6.0,-10.0,0.0,0.0,0.0,113.0,136.0,1.0,0.0,-0.0799999999999983,1.0,-0.19999999999998863
23,1.0,0.0,180.0,0.0,0.0,8.0,30.0,0.0,0.0,4.0,0.0,0.0,150.0,0.0,0.0,0.0,0.0,3.0,0.0,0.0,0.0,0.0,0.0,0.0,0.0,0.0,0.0,0.0,0.0,0.0,0.0,0.0,1.0,3.0,2.0,0.0,0.0,4.0,8.0,3.0,1.0,3.0,2.0,15.0,0.0,0.0,0.0,0.0,0.0,1.0,1.0,0.0,1.0,0.0,0.0,12.0,0.0,0.0,3.0,-14.3,6.0,-10.0,0.0,0.0,0.0,113.0,136.0,1.0,0.0,-0.0799999999999983,1.0,-0.19999999999998863
24,1.0,0.0,180.0,0.0,0.0,8.0,30.0,0.0,0.0,4.0,0.0,0.0,150.0,0.0,0.0,0.0,0.0,3.0,0.0,0.0,0.0,0.0,0.0,0.0,0.0,0.0,0.0,0.0,0.0,0.0,0.0,0.0,1.0,3.0,2.0,0.0,0.0,4.0,8.0,3.0,1.0,3.0,2.0,15.0,0.0,0.0,0.0,0.0,0.0,1.0,1.0,0.0,1.0,0.0,0.0,12.0,0.0,0.0,3.0,-14.3,6.0,-10.0,0.0,0.0,0.0,113.0,136.0,1.0,0.0,-0.0799999999999983,1.0,-0.19999999999998863
25,1.0,0.0,180.0,0.0,0.0,8.0,30.0,0.0,0.0,4.0,0.0,0.0,150.0,0.0,0.0,0.0,0.0,3.0,0.0,0.0,0.0,0.0,0.0,0.0,0.0,0.0,0.0,0.0,0.0,0.0,0.0,0.0,1.0,3.0,2.0,0.0,0.0,4.0,8.0,3.0,1.0,3.0,2.0,15.0,0.0,0.0,0.0,0.0,0.0,1.0,1.0,0.0,1.0,0.0,0.0,12.0,0.0,0.0,3.0,-14.3,6.0,-10.0,0.0,0.0,0.0,113.0,136.0,1.0,0.0,-0.0799999999999983,1.0,-0.19999999999998863
26,1.0,0.0,180.0,0.0,0.0,8.0,30.0,0.0,0.0,4.0,0.0,0.0,150.0,0.0,0.0,0.0,0.0,3.0,0.0,0.0,0.0,0.0,0.0,0.0,0.0,0.0,0.0,0.0,0.0,0.0,0.0,0.0,1.0,3.0,2.0,0.0,0.0,4.0,8.0,3.0,1.0,3.0,2.0,15.0,0.0,0.0,0.0,0.0,0.0,1.0,1.0,0.0,1.0,0.0,0.0,12.0,0.0,0.0,3.0,-14.3,6.0,-10.0,0.0,0.0,0.0,113.0,136.0,1.0,0.0,-0.0799999999999983,1.0,-0.19999999999998863
27,1.0,0.0,180.0,0.0,0.0,8.0,30.0,0.0,0.0,4.0,0.0,0.0,150.0,0.0,0.0,0.0,0.0,3.0,0.0,0.0,0.0,0.0,0.0,0.0,0.0,0.0,0.0,0.0,0.0,0.0,0.0,0.0,1.0,3.0,2.0,0.0,0.0,4.0,8.0,3.0,1.0,3.0,2.0,15.0,0.0,0.0,0.0,0.0,0.0,1.0,1.0,0.0,1.0,0.0,0.0,12.0,0.0,0.0,3.0,-14.3,6.0,-10.0,0.0,0.0,0.0,113.0,136.0,1.0,0.0,-0.0799999999999983,1.0,-0.19999999999998863
28,1.0,0.0,180.0,0.0,0.0,8.0,30.0,0.0,0.0,4.0,0.0,0.0,150.0,0.0,0.0,0.0,0.0,3.0,0.0,0.0,0.0,0.0,0.0,0.0,0.0,0.0,0.0,0.0,0.0,0.0,0.0,0.0,1.0,3.0,2.0,0.0,0.0,4.0,8.0,3.0,1.0,3.0,2.0,15.0,0.0,0.0,0.0,0.0,0.0,1.0,1.0,0.0,1.0,0.0,0.0,12.0,0.0,0.0,3.0,-14.3,6.0,-10.0,0.0,0.0,0.0,113.0,136.0,1.0,0.0,-0.0799999999999983,1.0,-0.19999999999998863
29,1.0,0.0,180.0,0.0,0.0,8.0,30.0,0.0,0.0,4.0,0.0,0.0,150.0,0.0,0.0,0.0,0.0,3.0,0.0,0.0,0.0,0.0,0.0,0.0,0.0,0.0,0.0,0.0,0.0,0.0,0.0,0.0,1.0,3.0,2.0,0.0,0.0,4.0,8.0,3.0,1.0,3.0,2.0,15.0,0.0,0.0,0.0,0.0,0.0,1.0,1.0,0.0,1.0,0.0,0.0,12.0,0.0,0.0,3.0,-14.3,6.0,-10.0,0.0,0.0,0.0,113.0,136.0,1.0,0.0,-0.0799999999999983,1.0,-0.19999999999998863
30,1.0,0.0,180.0,0.0,0.0,8.0,30.0,0.0,0.0,4.0,0.0,0.0,150.0,0.0,0.0,0.0,0.0,3.0,0.0,0.0,0.0,0.0,0.0,0.0,0.0,0.0,0.0,0.0,0.0,0.0,0.0,0.0,1.0,3.0,2.0,0.0,0.0,4.0,8.0,3.0,1.0,3.0,2.0,15.0,0.0,0.0,0.0,0.0,0.0,1.0,1.0,0.0,1.0,0.0,0.0,12.0,0.0,0.0,3.0,-14.3,6.0,-10.0,0.0,0.0,0.0,113.0,136.0,1.0,0.0,-0.0799999999999983,1.0,-0.19999999999998863
31,1.0,0.0,180.0,0.0,0.0,8.0,30.0,0.0,0.0,4.0,0.0,0.0,150.0,0.0,0.0,0.0,0.0,3.0,0.0,0.0,0.0,0.0,0.0,0.0,0.0,0.0,0.0,0.0,0.0,0.0,0.0,0.0,1.0,3.0,2.0,0.0,0.0,4.0,8.0,3.0,1.0,3.0,2.0,15.0,0.0,0.0,0.0,0.0,0.0,1.0,1.0,0.0,1.0,0.0,0.0,12.0,0.0,0.0,3.0,-14.3,6.0,-10.0,0.0,0.0,0.0,113.0,136.0,1.0,0.0,-0.0799999999999983,1.0,-0.19999999999998863
32,1.0,0.0,180.0,0.0,0.0,8.0,30.0,0.0,0.0,4.0,0.0,0.0,150.0,0.0,0.0,0.0,0.0,3.0,0.0,0.0,0.0,0.0,0.0,0.0,0.0,0.0,0.0,0.0,0.0,0.0,0.0,0.0,1.0,3.0,2.0,0.0,0.0,4.0,8.0,3.0,1.0,3.0,2.0,15.0,0.0,0.0,0.0,0.0,0.0,1.0,1.0,0.0,1.0,0.0,0.0,12.0,0.0,0.0,3.0,-14.3,6.0,-10.0,0.0,0.0,0.0,113.0,136.0,1.0,0.0,-0.0799999999999983,1.0,-0.19999999999998863
33,1.0,0.0,180.0,0.0,0.0,8.0,30.0,0.0,0.0,4.0,0.0,0.0,150.0,0.0,0.0,0.0,0.0,3.0,0.0,0.0,0.0,0.0,0.0,0.0,0.0,0.0,0.0,0.0,0.0,0.0,0.0,0.0,1.0,3.0,2.0,0.0,0.0,4.0,8.0,3.0,1.0,3.0,2.0,15.0,0.0,0.0,0.0,0.0,0.0,1.0,1.0,0.0,1.0,0.0,0.0,12.0,0.0,0.0,3.0,-14.3,6.0,-10.0,0.0,0.0,0.0,113.0,136.0,1.0,0.0,-0.0799999999999983,1.0,-0.19999999999998863
34,1.0,0.0,180.0,0.0,0.0,8.0,30.0,0.0,0.0,4.0,0.0,0.0,150.0,0.0,0.0,0.0,0.0,3.0,0.0,0.0,0.0,0.0,0.0,0.0,0.0,0.0,0.0,0.0,0.0,0.0,0.0,0.0,1.0,3.0,2.0,0.0,0.0,4.0,8.0,3.0,1.0,3.0,2.0,15.0,0.0,0.0,0.0,0.0,0.0,1.0,1.0,0.0,1.0,0.0,0.0,12.0,0.0,0.0,3.0,-14.3,6.0,-10.0,0.0,0.0,0.0,113.0,136.0,1.0,0.0,-0.0799999999999983,1.0,-0.19999999999998863
35,1.0,0.0,180.0,0.0,0.0,8.0,30.0,0.0,0.0,4.0,0.0,0.0,150.0,0.0,0.0,0.0,0.0,3.0,0.0,0.0,0.0,0.0,0.0,0.0,0.0,0.0,0.0,0.0,0.0,0.0,0.0,0.0,1.0,3.0,2.0,0.0,0.0,4.0,8.0,3.0,1.0,3.0,2.0,15.0,0.0,0.0,0.0,0.0,0.0,1.0,1.0,0.0,1.0,0.0,0.0,12.0,0.0,0.0,3.0,-14.3,6.0,-10.0,0.0,0.0,0.0,113.0,136.0,1.0,0.0,-0.0799999999999983,1.0,-0.19999999999998863
36,1.0,0.0,180.0,0.0,0.0,8.0,30.0,0.0,0.0,4.0,0.0,0.0,150.0,0.0,0.0,0.0,0.0,3.0,0.0,0.0,0.0,0.0,0.0,0.0,0.0,0.0,0.0,0.0,0.0,0.0,0.0,0.0,1.0,3.0,2.0,0.0,0.0,4.0,8.0,3.0,1.0,3.0,2.0,15.0,0.0,0.0,0.0,0.0,0.0,1.0,1.0,0.0,1.0,0.0,0.0,12.0,0.0,0.0,3.0,-14.3,6.0,-10.0,0.0,0.0,0.0,113.0,136.0,1.0,0.0,-0.0799999999999983,1.0,-0.19999999999998863
37,1.0,0.0,180.0,0.0,0.0,8.0,30.0,0.0,0.0,4.0,0.0,0.0,150.0,0.0,0.0,0.0,0.0,3.0,0.0,0.0,0.0,0.0,0.0,0.0,0.0,0.0,0.0,0.0,0.0,0.0,0.0,0.0,1.0,3.0,2.0,0.0,0.0,4.0,8.0,3.0,1.0,3.0,2.0,15.0,0.0,0.0,0.0,0.0,0.0,1.0,1.0,0.0,1.0,0.0,0.0,12.0,0.0,0.0,3.0,-14.3,6.0,-10.0,0.0,0.0,0.0,113.0,136.0,1.0,0.0,-0.0799999999999983,1.0,-0.19999999999998863
38,1.0,0.0,180.0,0.0,0.0,8.0,30.0,0.0,0.0,4.0,0.0,0.0,150.0,0.0,0.0,0.0,0.0,3.0,0.0,0.0,0.0,0.0,0.0,0.0,0.0,0.0,0.0,0.0,0.0,0.0,0.0,0.0,1.0,3.0,2.0,0.0,0.0,4.0,8.0,3.0,1.0,3.0,2.0,15.0,0.0,0.0,0.0,0.0,0.0,1.0,1.0,0.0,1.0,0.0,0.0,12.0,0.0,0.0,3.0,-14.3,6.0,-10.0,0.0,0.0,0.0,113.0,136.0,1.0,0.0,-0.0799999999999983,1.0,-0.19999999999998863
39,1.0,0.0,180.0,0.0,0.0,8.0,30.0,0.0,0.0,4.0,0.0,0.0,150.0,0.0,0.0,0.0,0.0,3.0,0.0,0.0,0.0,0.0,0.0,0.0,0.0,0.0,0.0,0.0,0.0,0.0,0.0,0.0,1.0,3.0,2.0,0.0,0.0,4.0,8.0,3.0,1.0,3.0,2.0,15.0,0.0,0.0,0.0,0.0,0.0,1.0,1.0,0.0,1.0,0.0,0.0,12.0,0.0,0.0,3.0,-14.3,6.0,-10.0,0.0,0.0,0.0,113.0,136.0,1.0,0.0,-0.0799999999999983,1.0,-0.19999999999998863
40,1.0,0.0,180.0,0.0,0.0,8.0,30.0,0.0,0.0,4.0,0.0,0.0,150.0,0.0,0.0,0.0,0.0,3.0,0.0,0.0,0.0,0.0,0.0,0.0,0.0,0.0,0.0,0.0,0.0,0.0,0.0,0.0,1.0,3.0,2.0,0.0,0.0,4.0,8.0,3.0,1.0,3.0,2.0,15.0,0.0,0.0,0.0,0.0,0.0,1.0,1.0,0.0,1.0,0.0,0.0,12.0,0.0,0.0,3.0,-14.3,6.0,-10.0,0.0,0.0,0.0,113.0,136.0,1.0,0.0,-0.0799999999999983,1.0,-0.19999999999998863
41,1.0,0.0,180.0,0.0,0.0,8.0,30.0,0.0,0.0,4.0,0.0,0.0,150.0,0.0,0.0,0.0,0.0,3.0,0.0,0.0,0.0,0.0,0.0,0.0,0.0,0.0,0.0,0.0,0.0,0.0,0.0,0.0,1.0,3.0,2.0,0.0,0.0,4.0,8.0,3.0,1.0,3.0,2.0,15.0,0.0,0.0,0.0,0.0,0.0,1.0,1.0,0.0,1.0,0.0,0.0,12.0,0.0,0.0,3.0,-14.3,6.0,-10.0,0.0,0.0,0.0,113.0,136.0,1.0,0.0,-0.0799999999999983,1.0,-0.19999999999998863
42,1.0,0.0,180.0,0.0,0.0,8.0,30.0,0.0,0.0,4.0,0.0,0.0,150.0,0.0,0.0,0.0,0.0,3.0,0.0,0.0,0.0,0.0,0.0,0.0,0.0,0.0,0.0,0.0,0.0,0.0,0.0,0.0,1.0,3.0,2.0,0.0,0.0,4.0,8.0,3.0,1.0,3.0,2.0,15.0,0.0,0.0,0.0,0.0,0.0,1.0,1.0,0.0,1.0,0.0,0.0,12.0,0.0,0.0,3.0,-14.3,6.0,-10.0,0.0,0.0,0.0,113.0,136.0,1.0,0.0,-0.0799999999999983,1.0,-0.19999999999998863
43,1.0,0.0,180.0,0.0,0.0,8.0,30.0,0.0,0.0,4.0,0.0,0.0,150.0,0.0,0.0,0.0,0.0,3.0,0.0,0.0,0.0,0.0,0.0,0.0,0.0,0.0,0.0,0.0,0.0,0.0,0.0,0.0,1.0,3.0,2.0,0.0,0.0,4.0,8.0,3.0,1.0,3.0,2.0,15.0,0.0,0.0,0.0,0.0,0.0,1.0,1.0,0.0,1.0,0.0,0.0,12.0,0.0,0.0,3.0,-14.3,6.0,-10.0,0.0,0.0,0.0,113.0,136.0,1.0,0.0,-0.0799999999999983,1.0,-0.19999999999998863
44,1.0,0.0,180.0,0.0,0.0,8.0,30.0,0.0,0.0,4.0,0.0,0.0,150.0,0.0,0.0,0.0,0.0,3.0,0.0,0.0,0.0,0.0,0.0,0.0,0.0,0.0,0.0,0.0,0.0,0.0,0.0,0.0,1.0,3.0,2.0,0.0,0.0,4.0,8.0,3.0,1.0,3.0,2.0,15.0,0.0,0.0,0.0,0.0,0.0,1.0,1.0,0.0,1.0,0.0,0.0,12.0,0.0,0.0,3.0,-14.3,6.0,-10.0,0.0,0.0,0.0,113.0,136.0,1.0,0.0,-0.0799999999999983,1.0,-0.19999999999998863
45,1.0,0.0,180.0,0.0,0.0,8.0,30.0,0.0,0.0,4.0,0.0,0.0,150.0,0.0,0.0,0.0,0.0,3.0,0.0,0.0,0.0,0.0,0.0,0.0,0.0,0.0,0.0,0.0,0.0,0.0,0.0,0.0,1.0,3.0,2.0,0.0,0.0,4.0,8.0,3.0,1.0,3.0,2.0,15.0,0.0,0.0,0.0,0.0,0.0,1.0,1.0,0.0,1.0,0.0,0.0,12.0,0.0,0.0,3.0,-14.3,6.0,-10.0,0.0,0.0,0.0,113.0,136.0,1.0,0.0,-0.0799999999999983,1.0,-0.19999999999998863
46,1.0,0.0,180.0,0.0,0.0,8.0,30.0,0.0,0.0,4.0,0.0,0.0,150.0,0.0,0.0,0.0,0.0,3.0,0.0,0.0,0.0,0.0,0.0,0.0,0.0,0.0,0.0,0.0,0.0,0.0,0.0,0.0,1.0,3.0,2.0,0.0,0.0,4.0,8.0,3.0,1.0,3.0,2.0,15.0,0.0,0.0,0.0,0.0,0.0,1.0,1.0,0.0,1.0,0.0,0.0,12.0,0.0,0.0,3.0,-14.3,6.0,-10.0,0.0,0.0,0.0,113.0,136.0,1.0,0.0,-0.0799999999999983,1.0,-0.19999999999998863
47,1.0,0.0,180.0,0.0,0.0,8.0,30.0,0.0,0.0,4.0,0.0,0.0,150.0,0.0,0.0,0.0,0.0,3.0,0.0,0.0,0.0,0.0,0.0,0.0,0.0,0.0,0.0,0.0,0.0,0.0,0.0,0.0,1.0,3.0,2.0,0.0,0.0,4.0,8.0,3.0,1.0,3.0,2.0,15.0,0.0,0.0,0.0,0.0,0.0,1.0,1.0,0.0,1.0,0.0,0.0,12.0,0.0,0.0,3.0,-14.3,6.0,-10.0,0.0,0.0,0.0,113.0,136.0,1.0,0.0,-0.0799999999999983,1.0,-0.19999999999998863
48,1.0,0.0,180.0,0.0,0.0,8.0,30.0,0.0,0.0,4.0,0.0,0.0,150.0,0.0,0.0,0.0,0.0,3.0,0.0,0.0,0.0,0.0,0.0,0.0,0.0,0.0,0.0,0.0,0.0,0.0,0.0,0.0,1.0,3.0,2.0,0.0,0.0,4.0,8.0,3.0,1.0,3.0,2.0,15.0,0.0,0.0,0.0,0.0,0.0,1.0,1.0,0.0,1.0,0.0,0.0,12.0,0.0,0.0,3.0,-14.3,6.0,-10.0,0.0,0.0,0.0,113.0,136.0,1.0,0.0,-0.0799999999999983,1.0,-0.19999999999998863
49,1.0,0.0,180.0,0.0,0.0,8.0,30.0,0.0,0.0,4.0,0.0,0.0,150.0,0.0,0.0,0.0,0.0,3.0,0.0,0.0,0.0,0.0,0.0,0.0,0.0,0.0,0.0,0.0,0.0,0.0,0.0,0.0,1.0,3.0,2.0,0.0,0.0,4.0,8.0,3.0,1.0,3.0,2.0,15.0,0.0,0.0,0.0,0.0,0.0,1.0,1.0,0.0,1.0,0.0,0.0,12.0,0.0,0.0,3.0,-14.3,6.0,-10.0,0.0,0.0,0.0,113.0,136.0,1.0,0.0,-0.0799999999999983,1.0,-0.19999999999998863
50,1.0,0.0,180.0,0.0,0.0,8.0,30.0,0.0,0.0,4.0,0.0,0.0,150.0,0.0,0.0,0.0,0.0,3.0,0.0,0.0,0.0,0.0,0.0,0.0,0.0,0.0,0.0,0.0,0.0,0.0,0.0,0.0,1.0,3.0,2.0,0.0,0.0,4.0,8.0,3.0,1.0,3.0,2.0,15.0,0.0,0.0,0.0,0.0,0.0,1.0,1.0,0.0,1.0,0.0,0.0,12.0,0.0,0.0,3.0,-14.3,6.0,-10.0,0.0,0.0,0.0,113.0,136.0,1.0,0.0,-0.0799999999999983,1.0,-0.19999999999998863
51,1.0,0.0,180.0,0.0,0.0,8.0,30.0,0.0,0.0,4.0,0.0,0.0,150.0,0.0,0.0,0.0,0.0,3.0,0.0,0.0,0.0,0.0,0.0,0.0,0.0,0.0,0.0,0.0,0.0,0.0,0.0,0.0,1.0,3.0,2.0,0.0,0.0,4.0,8.0,3.0,1.0,3.0,2.0,15.0,0.0,0.0,0.0,0.0,0.0,1.0,1.0,0.0,1.0,0.0,0.0,12.0,0.0,0.0,3.0,-14.3,6.0,-10.0,0.0,0.0,0.0,113.0,136.0,1.0,0.0,-0.0799999999999983,1.0,-0.19999999999998863
52,1.0,0.0,180.0,0.0,0.0,8.0,30.0,0.0,0.0,4.0,0.0,0.0,150.0,0.0,0.0,0.0,0.0,3.0,0.0,0.0,0.0,0.0,0.0,0.0,0.0,0.0,0.0,0.0,0.0,0.0,0.0,0.0,1.0,3.0,2.0,0.0,0.0,4.0,8.0,3.0,1.0,3.0,2.0,15.0,0.0,0.0,0.0,0.0,0.0,1.0,1.0,0.0,1.0,0.0,0.0,12.0,0.0,0.0,3.0,-14.3,6.0,-10.0,0.0,0.0,0.0,113.0,136.0,1.0,0.0,-0.0799999999999983,1.0,-0.19999999999998863
53,1.0,0.0,180.0,0.0,0.0,8.0,30.0,0.0,0.0,4.0,0.0,0.0,150.0,0.0,0.0,0.0,0.0,3.0,0.0,0.0,0.0,0.0,0.0,0.0,0.0,0.0,0.0,0.0,0.0,0.0,0.0,0.0,1.0,3.0,2.0,0.0,0.0,4.0,8.0,3.0,1.0,3.0,2.0,15.0,0.0,0.0,0.0,0.0,0.0,1.0,1.0,0.0,1.0,0.0,0.0,12.0,0.0,0.0,3.0,-14.3,6.0,-10.0,0.0,0.0,0.0,113.0,136.0,1.0,0.0,-0.0799999999999983,1.0,-0.19999999999998863
54,1.0,0.0,180.0,0.0,0.0,8.0,30.0,0.0,0.0,4.0,0.0,0.0,150.0,0.0,0.0,0.0,0.0,3.0,0.0,0.0,0.0,0.0,0.0,0.0,0.0,0.0,0.0,0.0,0.0,0.0,0.0,0.0,1.0,3.0,2.0,0.0,0.0,4.0,8.0,3.0,1.0,3.0,2.0,15.0,0.0,0.0,0.0,0.0,0.0,1.0,1.0,0.0,1.0,0.0,0.0,12.0,0.0,0.0,3.0,-14.3,6.0,-10.0,0.0,0.0,0.0,113.0,136.0,1.0,0.0,-0.0799999999999983,1.0,-0.19999999999998863
55,1.0,0.0,180.0,0.0,0.0,8.0,30.0,0.0,0.0,4.0,0.0,0.0,150.0,0.0,0.0,0.0,0.0,3.0,0.0,0.0,0.0,0.0,0.0,0.0,0.0,0.0,0.0,0.0,0.0,0.0,0.0,0.0,1.0,3.0,2.0,0.0,0.0,4.0,8.0,3.0,1.0,3.0,2.0,15.0,0.0,0.0,0.0,0.0,0.0,1.0,1.0,0.0,1.0,0.0,0.0,12.0,0.0,0.0,3.0,-14.3,6.0,-10.0,0.0,0.0,0.0,113.0,136.0,1.0,0.0,-0.0799999999999983,1.0,-0.19999999999998863
56,1.0,0.0,180.0,0.0,0.0,8.0,30.0,0.0,0.0,4.0,0.0,0.0,150.0,0.0,0.0,0.0,0.0,3.0,0.0,0.0,0.0,0.0,0.0,0.0,0.0,0.0,0.0,0.0,0.0,0.0,0.0,0.0,1.0,3.0,2.0,0.0,0.0,4.0,8.0,3.0,1.0,3.0,2.0,15.0,0.0,0.0,0.0,0.0,0.0,1.0,1.0,0.0,1.0,0.0,0.0,12.0,0.0,0.0,3.0,-14.3,6.0,-10.0,0.0,0.0,0.0,113.0,136.0,1.0,0.0,-0.0799999999999983,1.0,-0.19999999999998863
57,1.0,0.0,180.0,0.0,0.0,8.0,30.0,0.0,0.0,4.0,0.0,0.0,150.0,0.0,0.0,0.0,0.0,3.0,0.0,0.0,0.0,0.0,0.0,0.0,0.0,0.0,0.0,0.0,0.0,0.0,0.0,0.0,1.0,3.0,2.0,0.0,0.0,4.0,8.0,3.0,1.0,3.0,2.0,15.0,0.0,0.0,0.0,0.0,0.0,1.0,1.0,0.0,1.0,0.0,0.0,12.0,0.0,0.0,3.0,-14.3,6.0,-10.0,0.0,0.0,0.0,113.0,136.0,1.0,0.0,-0.0799999999999983,1.0,-0.19999999999998863
58,1.0,0.0,180.0,0.0,0.0,8.0,30.0,0.0,0.0,4.0,0.0,0.0,150.0,0.0,0.0,0.0,0.0,3.0,0.0,0.0,0.0,0.0,0.0,0.0,0.0,0.0,0.0,0.0,0.0,0.0,0.0,0.0,1.0,3.0,2.0,0.0,0.0,4.0,8.0,3.0,1.0,3.0,2.0,15.0,0.0,0.0,0.0,0.0,0.0,1.0,1.0,0.0,1.0,0.0,0.0,12.0,0.0,0.0,3.0,-14.3,6.0,-10.0,0.0,0.0,0.0,113.0,136.0,1.0,0.0,-0.0799999999999983,1.0,-0.19999999999998863
59,1.0,0.0,180.0,0.0,0.0,8.0,30.0,0.0,0.0,4.0,0.0,0.0,150.0,0.0,0.0,0.0,0.0,3.0,0.0,0.0,0.0,0.0,0.0,0.0,0.0,0.0,0.0,0.0,0.0,0.0,0.0,0.0,1.0,3.0,2.0,0.0,0.0,4.0,8.0,3.0,1.0,3.0,2.0,15.0,0.0,0.0,0.0,0.0,0.0,1.0,1.0,0.0,1.0,0.0,0.0,12.0,0.0,0.0,3.0,-14.3,6.0,-10.0,0.0,0.0,0.0,113.0,136.0,1.0,0.0,-0.0799999999999983,1.0,-0.19999999999998863
60,1.0,0.0,180.0,0.0,0.0,8.0,30.0,0.0,0.0,4.0,0.0,0.0,150.0,0.0,0.0,0.0,0.0,3.0,0.0,0.0,0.0,0.0,0.0,0.0,0.0,0.0,0.0,0.0,0.0,0.0,0.0,0.0,1.0,3.0,2.0,0.0,0.0,4.0,8.0,3.0,1.0,3.0,2.0,15.0,0.0,0.0,0.0,0.0,0.0,1.0,1.0,0.0,1.0,0.0,0.0,12.0,0.0,0.0,3.0,-14.3,6.0,-10.0,0.0,0.0,0.0,113.0,136.0,1.0,0.0,-0.0799999999999983,1.0,-0.19999999999998863
61,1.0,0.0,180.0,0.0,0.0,8.0,30.0,0.0,0.0,4.0,0.0,0.0,150.0,0.0,0.0,0.0,0.0,3.0,0.0,0.0,0.0,0.0,0.0,0.0,0.0,0.0,0.0,0.0,0.0,0.0,0.0,0.0,1.0,3.0,2.0,0.0,0.0,4.0,8.0,3.0,1.0,3.0,2.0,15.0,0.0,0.0,0.0,0.0,0.0,1.0,1.0,0.0,1.0,0.0,0.0,12.0,0.0,0.0,3.0,-14.3,6.0,-10.0,0.0,0.0,0.0,113.0,136.0,1.0,0.0,-0.0799999999999983,1.0,-0.19999999999998863
62,1.0,0.0,180.0,0.0,0.0,8.0,30.0,0.0,0.0,4.0,0.0,0.0,150.0,0.0,0.0,0.0,0.0,3.0,0.0,0.0,0.0,0.0,0.0,0.0,0.0,0.0,0.0,0.0,0.0,0.0,0.0,0.0,1.0,3.0,2.0,0.0,0.0,4.0,8.0,3.0,1.0,3.0,2.0,15.0,0.0,0.0,0.0,0.0,0.0,1.0,1.0,0.0,1.0,0.0,0.0,12.0,0.0,0.0,3.0,-14.3,6.0,-10.0,0.0,0.0,0.0,113.0,136.0,1.0,0.0,-0.0799999999999983,1.0,-0.19999999999998863
63,1.0,0.0,180.0,0.0,0.0,8.0,30.0,0.0,0.0,4.0,0.0,0.0,150.0,0.0,0.0,0.0,0.0,3.0,0.0,0.0,0.0,0.0,0.0,0.0,0.0,0.0,0.0,0.0,0.0,0.0,0.0,0.0,1.0,3.0,2.0,0.0,0.0,4.0,8.0,3.0,1.0,3.0,2.0,15.0,0.0,0.0,0.0,0.0,0.0,1.0,1.0,0.0,1.0,0.0,0.0,12.0,0.0,0.0,3.0,-14.3,6.0,-10.0,0.0,0.0,0.0,113.0,136.0,1.0,0.0,-0.0799999999999983,1.0,-0.19999999999998863
64,1.0,0.0,180.0,0.0,0.0,8.0,30.0,0.0,0.0,4.0,0.0,0.0,150.0,0.0,0.0,0.0,0.0,3.0,0.0,0.0,0.0,0.0,0.0,0.0,0.0,0.0,0.0,0.0,0.0,0.0,0.0,0.0,1.0,3.0,2.0,0.0,0.0,4.0,8.0,3.0,1.0,3.0,2.0,15.0,0.0,0.0,0.0,0.0,0.0,1.0,1.0,0.0,1.0,0.0,0.0,12.0,0.0,0.0,3.0,-14.3,6.0,-10.0,0.0,0.0,0.0,113.0,136.0,1.0,0.0,-0.0799999999999983,1.0,-0.19999999999998863
65,1.0,0.0,180.0,0.0,0.0,8.0,30.0,0.0,0.0,4.0,0.0,0.0,150.0,0.0,0.0,0.0,0.0,3.0,0.0,0.0,0.0,0.0,0.0,0.0,0.0,0.0,0.0,0.0,0.0,0.0,0.0,0.0,1.0,3.0,2.0,0.0,0.0,4.0,8.0,3.0,1.0,3.0,2.0,15.0,0.0,0.0,0.0,0.0,0.0,1.0,1.0,0.0,1.0,0.0,0.0,12.0,0.0,0.0,3.0,-14.3,6.0,-10.0,0.0,0.0,0.0,113.0,136.0,1.0,0.0,-0.0799999999999983,1.0,-0.19999999999998863
66,1.0,0.0,180.0,0.0,0.0,8.0,30.0,0.0,0.0,4.0,0.0,0.0,150.0,0.0,0.0,0.0,0.0,3.0,0.0,0.0,0.0,0.0,0.0,0.0,0.0,0.0,0.0,0.0,0.0,0.0,0.0,0.0,1.0,3.0,2.0,0.0,0.0,4.0,8.0,3.0,1.0,3.0,2.0,15.0,0.0,0.0,0.0,0.0,0.0,1.0,1.0,0.0,1.0,0.0,0.0,12.0,0.0,0.0,3.0,-14.3,6.0,-10.0,0.0,0.0,0.0,113.0,136.0,1.0,0.0,-0.0799999999999983,1.0,-0.19999999999998863
67,1.0,0.0,180.0,0.0,0.0,8.0,30.0,0.0,0.0,4.0,0.0,0.0,150.0,0.0,0.0,0.0,0.0,3.0,0.0,0.0,0.0,0.0,0.0,0.0,0.0,0.0,0.0,0.0,0.0,0.0,0.0,0.0,1.0,3.0,2.0,0.0,0.0,4.0,8.0,3.0,1.0,3.0,2.0,15.0,0.0,0.0,0.0,0.0,0.0,1.0,1.0,0.0,1.0,0.0,0.0,12.0,0.0,0.0,3.0,-14.3,6.0,-10.0,0.0,0.0,0.0,113.0,136.0,1.0,0.0,-0.0799999999999983,1.0,-0.19999999999998863
68,1.0,0.0,180.0,0.0,0.0,8.0,30.0,0.0,0.0,4.0,0.0,0.0,150.0,0.0,0.0,0.0,0.0,3.0,0.0,0.0,0.0,0.0,0.0,0.0,0.0,0.0,0.0,0.0,0.0,0.0,0.0,0.0,1.0,3.0,2.0,0.0,0.0,4.0,8.0,3.0,1.0,3.0,2.0,15.0,0.0,0.0,0.0,0.0,0.0,1.0,1.0,0.0,1.0,0.0,0.0,12.0,0.0,0.0,3.0,-14.3,6.0,-10.0,0.0,0.0,0.0,113.0,136.0,1.0,0.0,-0.0799999999999983,1.0,-0.19999999999998863
69,1.0,0.0,180.0,0.0,0.0,8.0,30.0,0.0,0.0,4.0,0.0,0.0,150.0,0.0,0.0,0.0,0.0,3.0,0.0,0.0,0.0,0.0,0.0,0.0,0.0,0.0,0.0,0.0,0.0,0.0,0.0,0.0,1.0,3.0,2.0,0.0,0.0,4.0,8.0,3.0,1.0,3.0,2.0,15.0,0.0,0.0,0.0,0.0,0.0,1.0,1.0,0.0,1.0,0.0,0.0,12.0,0.0,0.0,3.0,-14.3,6.0,-10.0,0.0,0.0,0.0,113.0,136.0,1.0,0.0,-0.0799999999999983,1.0,-0.19999999999998863
70,1.0,0.0,180.0,0.0,0.0,8.0,30.0,0.0,0.0,4.0,0.0,0.0,150.0,0.0,0.0,0.0,0.0,3.0,0.0,0.0,0.0,0.0,0.0,0.0,0.0,0.0,0.0,0.0,0.0,0.0,0.0,0.0,1.0,3.0,2.0,0.0,0.0,4.0,8.0,3.0,1.0,3.0,2.0,15.0,0.0,0.0,0.0,0.0,0.0,1.0,1.0,0.0,1.0,0.0,0.0,12.0,0.0,0.0,3.0,-14.3,6.0,-10.0,0.0,0.0,0.0,113.0,136.0,1.0,0.0,-0.0799999999999983,1.0,-0.19999999999998863
71,1.0,0.0,180.0,0.0,0.0,8.0,30.0,0.0,0.0,4.0,0.0,0.0,150.0,0.0,0.0,0.0,0.0,3.0,0.0,0.0,0.0,0.0,0.0,0.0,0.0,0.0,0.0,0.0,0.0,0.0,0.0,0.0,1.0,3.0,2.0,0.0,0.0,4.0,8.0,3.0,1.0,3.0,2.0,15.0,0.0,0.0,0.0,0.0,0.0,1.0,1.0,0.0,1.0,0.0,0.0,12.0,0.0,0.0,3.0,-14.3,6.0,-10.0,0.0,0.0,0.0,113.0,136.0,1.0,0.0,-0.0799999999999983,1.0,-0.19999999999998863
72,1.0,0.0,180.0,0.0,0.0,8.0,30.0,0.0,0.0,4.0,0.0,0.0,150.0,0.0,0.0,0.0,0.0,3.0,0.0,0.0,0.0,0.0,0.0,0.0,0.0,0.0,0.0,0.0,0.0,0.0,0.0,0.0,1.0,3.0,2.0,0.0,0.0,4.0,8.0,3.0,1.0,3.0,2.0,15.0,0.0,0.0,0.0,0.0,0.0,1.0,1.0,0.0,1.0,0.0,0.0,12.0,0.0,0.0,3.0,-14.3,6.0,-10.0,0.0,0.0,0.0,113.0,136.0,1.0,0.0,-0.0799999999999983,1.0,-0.19999999999998863
73,1.0,0.0,180.0,0.0,0.0,8.0,30.0,0.0,0.0,4.0,0.0,0.0,150.0,0.0,0.0,0.0,0.0,3.0,0.0,0.0,0.0,0.0,0.0,0.0,0.0,0.0,0.0,0.0,0.0,0.0,0.0,0.0,1.0,3.0,2.0,0.0,0.0,4.0,8.0,3.0,1.0,3.0,2.0,15.0,0.0,0.0,0.0,0.0,0.0,1.0,1.0,0.0,1.0,0.0,0.0,12.0,0.0,0.0,3.0,-14.3,6.0,-10.0,0.0,0.0,0.0,113.0,136.0,1.0,0.0,-0.0799999999999983,1.0,-0.19999999999998863
74,1.0,0.0,180.0,0.0,0.0,8.0,30.0,0.0,0.0,4.0,0.0,0.0,150.0,0.0,0.0,0.0,0.0,3.0,0.0,0.0,0.0,0.0,0.0,0.0,0.0,0.0,0.0,0.0,0.0,0.0,0.0,0.0,1.0,3.0,2.0,0.0,0.0,4.0,8.0,3.0,1.0,3.0,2.0,15.0,0.0,0.0,0.0,0.0,0.0,1.0,1.0,0.0,1.0,0.0,0.0,12.0,0.0,0.0,3.0,-14.3,6.0,-10.0,0.0,0.0,0.0,113.0,136.0,1.0,0.0,-0.0799999999999983,1.0,-0.19999999999998863
75,1.0,0.0,180.0,0.0,0.0,8.0,30.0,0.0,0.0,4.0,0.0,0.0,150.0,0.0,0.0,0.0,0.0,3.0,0.0,0.0,0.0,0.0,0.0,0.0,0.0,0.0,0.0,0.0,0.0,0.0,0.0,0.0,1.0,3.0,2.0,0.0,0.0,4.0,8.0,3.0,1.0,3.0,2.0,15.0,0.0,0.0,0.0,0.0,0.0,1.0,1.0,0.0,1.0,0.0,0.0,12.0,0.0,0.0,3.0,-14.3,6.0,-10.0,0.0,0.0,0.0,113.0,136.0,1.0,0.0,-0.0799999999999983,1.0,-0.19999999999998863
76,1.0,0.0,180.0,0.0,0.0,8.0,30.0,0.0,0.0,4.0,0.0,0.0,150.0,0.0,0.0,0.0,0.0,3.0,0.0,0.0,0.0,0.0,0.0,0.0,0.0,0.0,0.0,0.0,0.0,0.0,0.0,0.0,1.0,3.0,2.0,0.0,0.0,4.0,8.0,3.0,1.0,3.0,2.0,15.0,0.0,0.0,0.0,0.0,0.0,1.0,1.0,0.0,1.0,0.0,0.0,12.0,0.0,0.0,3.0,-14.3,6.0,-10.0,0.0,0.0,0.0,113.0,136.0,1.0,0.0,-0.0799999999999983,1.0,-0.19999999999998863
77,1.0,0.0,180.0,0.0,0.0,8.0,30.0,0.0,0.0,4.0,0.0,0.0,150.0,0.0,0.0,0.0,0.0,3.0,0.0,0.0,0.0,0.0,0.0,0.0,0.0,0.0,0.0,0.0,0.0,0.0,0.0,0.0,1.0,3.0,2.0,0.0,0.0,4.0,8.0,3.0,1.0,3.0,2.0,15.0,0.0,0.0,0.0,0.0,0.0,1.0,1.0,0.0,1.0,0.0,0.0,12.0,0.0,0.0,3.0,-14.3,6.0,-10.0,0.0,0.0,0.0,113.0,136.0,1.0,0.0,-0.0799999999999983,1.0,-0.19999999999998863
78,1.0,0.0,180.0,0.0,0.0,8.0,30.0,0.0,0.0,4.0,0.0,0.0,150.0,0.0,0.0,0.0,0.0,3.0,0.0,0.0,0.0,0.0,0.0,0.0,0.0,0.0,0.0,0.0,0.0,0.0,0.0,0.0,1.0,3.0,2.0,0.0,0.0,4.0,8.0,3.0,1.0,3.0,2.0,15.0,0.0,0.0,0.0,0.0,0.0,1.0,1.0,0.0,1.0,0.0,0.0,12.0,0.0,0.0,3.0,-14.3,6.0,-10.0,0.0,0.0,0.0,113.0,136.0,1.0,0.0,-0.0799999999999983,1.0,-0.19999999999998863
79,1.0,0.0,180.0,0.0,0.0,8.0,30.0,0.0,0.0,4.0,0.0,0.0,150.0,0.0,0.0,0.0,0.0,3.0,0.0,0.0,0.0,0.0,0.0,0.0,0.0,0.0,0.0,0.0,0.0,0.0,0.0,0.0,1.0,3.0,2.0,0.0,0.0,4.0,8.0,3.0,1.0,3.0,2.0,15.0,0.0,0.0,0.0,0.0,0.0,1.0,1.0,0.0,1.0,0.0,0.0,12.0,0.0,0.0,3.0,-14.3,6.0,-10.0,0.0,0.0,0.0,113.0,136.0,1.0,0.0,-0.0799999999999983,1.0,-0.19999999999998863
80,1.0,0.0,180.0,0.0,0.0,8.0,30.0,0.0,0.0,4.0,0.0,0.0,150.0,0.0,0.0,0.0,0.0,3.0,0.0,0.0,0.0,0.0,0.0,0.0,0.0,0.0,0.0,0.0,0.0,0.0,0.0,0.0,1.0,3.0,2.0,0.0,0.0,4.0,8.0,3.0,1.0,3.0,2.0,15.0,0.0,0.0,0.0,0.0,0.0,1.0,1.0,0.0,1.0,0.0,0.0,12.0,0.0,0.0,3.0,-14.3,6.0,-10.0,0.0,0.0,0.0,113.0,136.0,1.0,0.0,-0.0799999999999983,1.0,-0.19999999999998863
81,1.0,0.0,180.0,0.0,0.0,8.0,30.0,0.0,0.0,4.0,0.0,0.0,150.0,0.0,0.0,0.0,0.0,3.0,0.0,0.0,0.0,0.0,0.0,0.0,0.0,0.0,0.0,0.0,0.0,0.0,0.0,0.0,1.0,3.0,2.0,0.0,0.0,4.0,8.0,3.0,1.0,3.0,2.0,15.0,0.0,0.0,0.0,0.0,0.0,1.0,1.0,0.0,1.0,0.0,0.0,12.0,0.0,0.0,3.0,-14.3,6.0,-10.0,0.0,0.0,0.0,113.0,136.0,1.0,0.0,-0.0799999999999983,1.0,-0.19999999999998863
82,1.0,0.0,180.0,0.0,0.0,8.0,30.0,0.0,0.0,4.0,0.0,0.0,150.0,0.0,0.0,0.0,0.0,3.0,0.0,0.0,0.0,0.0,0.0,0.0,0.0,0.0,0.0,0.0,0.0,0.0,0.0,0.0,1.0,3.0,2.0,0.0,0.0,4.0,8.0,3.0,1.0,3.0,2.0,15.0,0.0,0.0,0.0,0.0,0.0,1.0,1.0,0.0,1.0,0.0,0.0,12.0,0.0,0.0,3.0,-14.3,6.0,-10.0,0.0,0.0,0.0,113.0,136.0,1.0,0.0,-0.0799999999999983,1.0,-0.19999999999998863
83,1.0,0.0,180.0,0.0,0.0,8.0,30.0,0.0,0.0,4.0,0.0,0.0,150.0,0.0,0.0,0.0,0.0,3.0,0.0,0.0,0.0,0.0,0.0,0.0,0.0,0.0,0.0,0.0,0.0,0.0,0.0,0.0,1.0,3.0,2.0,0.0,0.0,4.0,8.0,3.0,1.0,3.0,2.0,15.0,0.0,0.0,0.0,0.0,0.0,1.0,1.0,0.0,1.0,0.0,0.0,12.0,0.0,0.0,3.0,-14.3,6.0,-10.0,0.0,0.0,0.0,113.0,136.0,1.0,0.0,-0.0799999999999983,1.0,-0.19999999999998863
84,1.0,0.0,180.0,0.0,0.0,8.0,30.0,0.0,0.0,4.0,0.0,0.0,150.0,0.0,0.0,0.0,0.0,3.0,0.0,0.0,0.0,0.0,0.0,0.0,0.0,0.0,0.0,0.0,0.0,0.0,0.0,0.0,1.0,3.0,2.0,0.0,0.0,4.0,8.0,3.0,1.0,3.0,2.0,15.0,0.0,0.0,0.0,0.0,0.0,1.0,1.0,0.0,1.0,0.0,0.0,12.0,0.0,0.0,3.0,-14.3,6.0,-10.0,0.0,0.0,0.0,113.0,136.0,1.0,0.0,-0.0799999999999983,1.0,-0.19999999999998863
85,1.0,0.0,180.0,0.0,0.0,8.0,30.0,0.0,0.0,4.0,0.0,0.0,150.0,0.0,0.0,0.0,0.0,3.0,0.0,0.0,0.0,0.0,0.0,0.0,0.0,0.0,0.0,0.0,0.0,0.0,0.0,0.0,1.0,3.0,2.0,0.0,0.0,4.0,8.0,3.0,1.0,3.0,2.0,15.0,0.0,0.0,0.0,0.0,0.0,1.0,1.0,0.0,1.0,0.0,0.0,12.0,0.0,0.0,3.0,-14.3,6.0,-10.0,0.0,0.0,0.0,113.0,136.0,1.0,0.0,-0.0799999999999983,1.0,-0.19999999999998863
86,1.0,0.0,180.0,0.0,0.0,8.0,30.0,0.0,0.0,4.0,0.0,0.0,150.0,0.0,0.0,0.0,0.0,3.0,0.0,0.0,0.0,0.0,0.0,0.0,0.0,0.0,0.0,0.0,0.0,0.0,0.0,0.0,1.0,3.0,2.0,0.0,0.0,4.0,8.0,3.0,1.0,3.0,2.0,15.0,0.0,0.0,0.0,0.0,0.0,1.0,1.0,0.0,1.0,0.0,0.0,12.0,0.0,0.0,3.0,-14.3,6.0,-10.0,0.0,0.0,0.0,113.0,136.0,1.0,0.0,-0.0799999999999983,1.0,-0.19999999999998863
87,1.0,0.0,180.0,0.0,0.0,8.0,30.0,0.0,0.0,4.0,0.0,0.0,150.0,0.0,0.0,0.0,0.0,3.0,0.0,0.0,0.0,0.0,0.0,0.0,0.0,0.0,0.0,0.0,0.0,0.0,0.0,0.0,1.0,3.0,2.0,0.0,0.0,4.0,8.0,3.0,1.0,3.0,2.0,15.0,0.0,0.0,0.0,0.0,0.0,1.0,1.0,0.0,1.0,0.0,0.0,12.0,0.0,0.0,3.0,-14.3,6.0,-10.0,0.0,0.0,0.0,113.0,136.0,1.0,0.0,-0.0799999999999983,1.0,-0.19999999999998863
88,1.0,0.0,180.0,0.0,0.0,8.0,30.0,0.0,0.0,4.0,0.0,0.0,150.0,0.0,0.0,0.0,0.0,3.0,0.0,0.0,0.0,0.0,0.0,0.0,0.0,0.0,0.0,0.0,0.0,0.0,0.0,0.0,1.0,3.0,2.0,0.0,0.0,4.0,8.0,3.0,1.0,3.0,2.0,15.0,0.0,0.0,0.0,0.0,0.0,1.0,1.0,0.0,1.0,0.0,0.0,12.0,0.0,0.0,3.0,-14.3,6.0,-10.0,0.0,0.0,0.0,113.0,136.0,1.0,0.0,-0.0799999999999983,1.0,-0.19999999999998863
89,1.0,0.0,180.0,0.0,0.0,8.0,30.0,0.0,0.0,4.0,0.0,0.0,150.0,0.0,0.0,0.0,0.0,3.0,0.0,0.0,0.0,0.0,0.0,0.0,0.0,0.0,0.0,0.0,0.0,0.0,0.0,0.0,1.0,3.0,2.0,0.0,0.0,4.0,8.0,3.0,1.0,3.0,2.0,15.0,0.0,0.0,0.0,0.0,0.0,1.0,1.0,0.0,1.0,0.0,0.0,12.0,0.0,0.0,3.0,-14.3,6.0,-10.0,0.0,0.0,0.0,113.0,136.0,1.0,0.0,-0.0799999999999983,1.0,-0.19999999999998863
90,1.0,0.0,180.0,0.0,0.0,8.0,30.0,0.0,0.0,4.0,0.0,0.0,150.0,0.0,0.0,0.0,0.0,3.0,0.0,0.0,0.0,0.0,0.0,0.0,0.0,0.0,0.0,0.0,0.0,0.0,0.0,0.0,1.0,3.0,2.0,0.0,0.0,4.0,8.0,3.0,1.0,3.0,2.0,15.0,0.0,0.0,0.0,0.0,0.0,1.0,1.0,0.0,1.0,0.0,0.0,12.0,0.0,0.0,3.0,-14.3,6.0,-10.0,0.0,0.0,0.0,113.0,136.0,1.0,0.0,-0.0799999999999983,1.0,-0.19999999999998863
91,1.0,0.0,180.0,0.0,0.0,8.0,30.0,0.0,0.0,4.0,0.0,0.0,150.0,0.0,0.0,0.0,0.0,3.0,0.0,0.0,0.0,0.0,0.0,0.0,0.0,0.0,0.0,0.0,0.0,0.0,0.0,0.0,1.0,3.0,2.0,0.0,0.0,4.0,8.0,3.0,1.0,3.0,2.0,15.0,0.0,0.0,0.0,0.0,0.0,1.0,1.0,0.0,1.0,0.0,0.0,12.0,0.0,0.0,3.0,-14.3,6.0,-10.0,0.0,0.0,0.0,113.0,136.0,1.0,0.0,-0.0799999999999983,1.0,-0.19999999999998863
92,1.0,0.0,180.0,0.0,0.0,8.0,30.0,0.0,0.0,4.0,0.0,0.0,150.0,0.0,0.0,0.0,0.0,3.0,0.0,0.0,0.0,0.0,0.0,0.0,0.0,0.0,0.0,0.0,0.0,0.0,0.0,0.0,1.0,3.0,2.0,0.0,0.0,4.0,8.0,3.0,1.0,3.0,2.0,15.0,0.0,0.0,0.0,0.0,0.0,1.0,1.0,0.0,1.0,0.0,0.0,12.0,0.0,0.0,3.0,-14.3,6.0,-10.0,0.0,0.0,0.0,113.0,136.0,1.0,0.0,-0.0799999999999983,1.0,-0.19999999999998863
93,1.0,0.0,180.0,0.0,0.0,8.0,30.0,0.0,0.0,4.0,0.0,0.0,150.0,0.0,0.0,0.0,0.0,3.0,0.0,0.0,0.0,0.0,0.0,0.0,0.0,0.0,0.0,0.0,0.0,0.0,0.0,0.0,1.0,3.0,2.0,0.0,0.0,4.0,8.0,3.0,1.0,3.0,2.0,15.0,0.0,0.0,0.0,0.0,0.0,1.0,1.0,0.0,1.0,0.0,0.0,12.0,0.0,0.0,3.0,-14.3,6.0,-10.0,0.0,0.0,0.0,113.0,136.0,1.0,0.0,-0.0799999999999983,1.0,-0.19999999999998863
94,1.0,0.0,180.0,0.0,0.0,8.0,30.0,0.0,0.0,4.0,0.0,0.0,150.0,0.0,0.0,0.0,0.0,3.0,0.0,0.0,0.0,0.0,0.0,0.0,0.0,0.0,0.0,0.0,0.0,0.0,0.0,0.0,1.0,3.0,2.0,0.0,0.0,4.0,8.0,3.0,1.0,3.0,2.0,15.0,0.0,0.0,0.0,0.0,0.0,1.0,1.0,0.0,1.0,0.0,0.0,12.0,0.0,0.0,3.0,-14.3,6.0,-10.0,0.0,0.0,0.0,113.0,136.0,1.0,0.0,-0.0799999999999983,1.0,-0.19999999999998863
95,1.0,0.0,180.0,0.0,0.0,8.0,30.0,0.0,0.0,4.0,0.0,0.0,150.0,0.0,0.0,0.0,0.0,3.0,0.0,0.0,0.0,0.0,0.0,0.0,0.0,0.0,0.0,0.0,0.0,0.0,0.0,0.0,1.0,3.0,2.0,0.0,0.0,4.0,8.0,3.0,1.0,3.0,2.0,15.0,0.0,0.0,0.0,0.0,0.0,1.0,1.0,0.0,1.0,0.0,0.0,12.0,0.0,0.0,3.0,-14.3,6.0,-10.0,0.0,0.0,0.0,113.0,136.0,1.0,0.0,-0.0799999999999983,1.0,-0.19999999999998863
96,1.0,0.0,180.0,0.0,0.0,8.0,30.0,0.0,0.0,4.0,0.0,0.0,150.0,0.0,0.0,0.0,0.0,3.0,0.0,0.0,0.0,0.0,0.0,0.0,0.0,0.0,0.0,0.0,0.0,0.0,0.0,0.0,1.0,3.0,2.0,0.0,0.0,4.0,8.0,3.0,1.0,3.0,2.0,15.0,0.0,0.0,0.0,0.0,0.0,1.0,1.0,0.0,1.0,0.0,0.0,12.0,0.0,0.0,3.0,-14.3,6.0,-10.0,0.0,0.0,0.0,113.0,136.0,1.0,0.0,-0.0799999999999983,1.0,-0.19999999999998863
97,1.0,0.0,180.0,0.0,0.0,8.0,30.0,0.0,0.0,4.0,0.0,0.0,150.0,0.0,0.0,0.0,0.0,3.0,0.0,0.0,0.0,0.0,0.0,0.0,0.0,0.0,0.0,0.0,0.0,0.0,0.0,0.0,1.0,3.0,2.0,0.0,0.0,4.0,8.0,3.0,1.0,3.0,2.0,15.0,0.0,0.0,0.0,0.0,0.0,1.0,1.0,0.0,1.0,0.0,0.0,12.0,0.0,0.0,3.0,-14.3,6.0,-10.0,0.0,0.0,0.0,113.0,136.0,1.0,0.0,-0.0799999999999983,1.0,-0.19999999999998863
98,1.0,0.0,180.0,0.0,0.0,8.0,30.0,0.0,0.0,4.0,0.0,0.0,150.0,0.0,0.0,0.0,0.0,3.0,0.0,0.0,0.0,0.0,0.0,0.0,0.0,0.0,0.0,0.0,0.0,0.0,0.0,0.0,1.0,3.0,2.0,0.0,0.0,4.0,8.0,3.0,1.0,3.0,2.0,15.0,0.0,0.0,0.0,0.0,0.0,1.0,1.0,0.0,1.0,0.0,0.0,12.0,0.0,0.0,3.0,-14.3,6.0,-10.0,0.0,0.0,0.0,113.0,136.0,1.0,0.0,-0.0799999999999983,1.0,-0.19999999999998863
99,1.0,0.0,180.0,0.0,0.0,8.0,30.0,0.0,0.0,4.0,0.0,0.0,150.0,0.0,0.0,0.0,0.0,3.0,0.0,0.0,0.0,0.0,0.0,0.0,0.0,0.0,0.0,0.0,0.0,0.0,0.0,0.0,1.0,3.0,2.0,0.0,0.0,4.0,8.0,3.0,1.0,3.0,2.0,15.0,0.0,0.0,0.0,0.0,0.0,1.0,1.0,0.0,1.0,0.0,0.0,12.0,0.0,0.0,3.0,-14.3,6.0,-10.0,0.0,0.0,0.0,113.0,136.0,1.0,0.0,-0.0799999999999983,1.0,-0.19999999999998863
100,1.0,0.0,180.0,0.0,0.0,8.0,30.0,0.0,0.0,4.0,0.0,0.0,150.0,0.0,0.0,0.0,0.0,3.0,0.0,0.0,0.0,0.0,0.0,0.0,0.0,0.0,0.0,0.0,0.0,0.0,0.0,0.0,1.0,3.0,2.0,0.0,0.0,4.0,8.0,3.0,1.0,3.0,2.0,15.0,0.0,0.0,0.0,0.0,0.0,1.0,1.0,0.0,1.0,0.0,0.0,12.0,0.0,0.0,3.0,-14.3,6.0,-10.0,0.0,0.0,0.0,113.0,136.0,1.0,0.0,-0.0799999999999983,1.0,-0.19999999999998863
101,1.0,0.0,180.0,0.0,0.0,8.0,30.0,0.0,0.0,4.0,0.0,0.0,150.0,0.0,0.0,0.0,0.0,3.0,0.0,0.0,0.0,0.0,0.0,0.0,0.0,0.0,0.0,0.0,0.0,0.0,0.0,0.0,1.0,3.0,2.0,0.0,0.0,4.0,8.0,3.0,1.0,3.0,2.0,15.0,0.0,0.0,0.0,0.0,0.0,1.0,1.0,0.0,1.0,0.0,0.0,12.0,0.0,0.0,3.0,-14.3,6.0,-10.0,0.0,0.0,0.0,113.0,136.0,1.0,0.0,-0.0799999999999983,1.0,-0.19999999999998863
102,1.0,0.0,180.0,0.0,0.0,8.0,30.0,0.0,0.0,4.0,0.0,0.0,150.0,0.0,0.0,0.0,0.0,3.0,0.0,0.0,0.0,0.0,0.0,0.0,0.0,0.0,0.0,0.0,0.0,0.0,0.0,0.0,1.0,3.0,2.0,0.0,0.0,4.0,8.0,3.0,1.0,3.0,2.0,15.0,0.0,0.0,0.0,0.0,0.0,1.0,1.0,0.0,1.0,0.0,0.0,12.0,0.0,0.0,3.0,-14.3,6.0,-10.0,0.0,0.0,0.0,113.0,136.0,1.0,0.0,-0.0799999999999983,1.0,-0.19999999999998863
103,1.0,0.0,180.0,0.0,0.0,8.0,30.0,0.0,0.0,4.0,0.0,0.0,150.0,0.0,0.0,0.0,0.0,3.0,0.0,0.0,0.0,0.0,0.0,0.0,0.0,0.0,0.0,0.0,0.0,0.0,0.0,0.0,1.0,3.0,2.0,0.0,0.0,4.0,8.0,3.0,1.0,3.0,2.0,15.0,0.0,0.0,0.0,0.0,0.0,1.0,1.0,0.0,1.0,0.0,0.0,12.0,0.0,0.0,3.0,-14.3,6.0,-10.0,0.0,0.0,0.0,113.0,136.0,1.0,0.0,-0.0799999999999983,1.0,-0.19999999999998863
104,1.0,0.0,180.0,0.0,0.0,8.0,30.0,0.0,0.0,4.0,0.0,0.0,150.0,0.0,0.0,0.0,0.0,3.0,0.0,0.0,0.0,0.0,0.0,0.0,0.0,0.0,0.0,0.0,0.0,0.0,0.0,0.0,1.0,3.0,2.0,0.0,0.0,4.0,8.0,3.0,1.0,3.0,2.0,15.0,0.0,0.0,0.0,0.0,0.0,1.0,1.0,0.0,1.0,0.0,0.0,12.0,0.0,0.0,3.0,-14.3,6.0,-10.0,0.0,0.0,0.0,113.0,136.0,1.0,0.0,-0.0799999999999983,1.0,-0.19999999999998863
105,1.0,0.0,180.0,0.0,0.0,8.0,30.0,0.0,0.0,4.0,0.0,0.0,150.0,0.0,0.0,0.0,0.0,3.0,0.0,0.0,0.0,0.0,0.0,0.0,0.0,0.0,0.0,0.0,0.0,0.0,0.0,0.0,1.0,3.0,2.0,0.0,0.0,4.0,8.0,3.0,1.0,3.0,2.0,15.0,0.0,0.0,0.0,0.0,0.0,1.0,1.0,0.0,1.0,0.0,0.0,12.0,0.0,0.0,3.0,-14.3,6.0,-10.0,0.0,0.0,0.0,113.0,136.0,1.0,0.0,-0.0799999999999983,1.0,-0.19999999999998863
106,1.0,0.0,180.0,0.0,0.0,8.0,30.0,0.0,0.0,4.0,0.0,0.0,150.0,0.0,0.0,0.0,0.0,3.0,0.0,0.0,0.0,0.0,0.0,0.0,0.0,0.0,0.0,0.0,0.0,0.0,0.0,0.0,1.0,3.0,2.0,0.0,0.0,4.0,8.0,3.0,1.0,3.0,2.0,15.0,0.0,0.0,0.0,0.0,0.0,1.0,1.0,0.0,1.0,0.0,0.0,12.0,0.0,0.0,3.0,-14.3,6.0,-10.0,0.0,0.0,0.0,113.0,136.0,1.0,0.0,-0.0799999999999983,1.0,-0.19999999999998863
107,1.0,0.0,180.0,0.0,0.0,8.0,30.0,0.0,0.0,4.0,0.0,0.0,150.0,0.0,0.0,0.0,0.0,3.0,0.0,0.0,0.0,0.0,0.0,0.0,0.0,0.0,0.0,0.0,0.0,0.0,0.0,0.0,1.0,3.0,2.0,0.0,0.0,4.0,8.0,3.0,1.0,3.0,2.0,15.0,0.0,0.0,0.0,0.0,0.0,1.0,1.0,0.0,1.0,0.0,0.0,12.0,0.0,0.0,3.0,-14.3,6.0,-10.0,0.0,0.0,0.0,113.0,136.0,1.0,0.0,-0.0799999999999983,1.0,-0.19999999999998863
108,1.0,0.0,180.0,0.0,0.0,8.0,30.0,0.0,0.0,4.0,0.0,0.0,150.0,0.0,0.0,0.0,0.0,3.0,0.0,0.0,0.0,0.0,0.0,0.0,0.0,0.0,0.0,0.0,0.0,0.0,0.0,0.0,1.0,3.0,2.0,0.0,0.0,4.0,8.0,3.0,1.0,3.0,2.0,15.0,0.0,0.0,0.0,0.0,0.0,1.0,1.0,0.0,1.0,0.0,0.0,12.0,0.0,0.0,3.0,-14.3,6.0,-10.0,0.0,0.0,0.0,113.0,136.0,1.0,0.0,-0.0799999999999983,1.0,-0.19999999999998863
109,1.0,0.0,180.0,0.0,0.0,8.0,30.0,0.0,0.0,4.0,0.0,0.0,150.0,0.0,0.0,0.0,0.0,3.0,0.0,0.0,0.0,0.0,0.0,0.0,0.0,0.0,0.0,0.0,0.0,0.0,0.0,0.0,1.0,3.0,2.0,0.0,0.0,4.0,8.0,3.0,1.0,3.0,2.0,15.0,0.0,0.0,0.0,0.0,0.0,1.0,1.0,0.0,1.0,0.0,0.0,12.0,0.0,0.0,3.0,-14.3,6.0,-10.0,0.0,0.0,0.0,113.0,136.0,1.0,0.0,-0.0799999999999983,1.0,-0.19999999999998863
110,1.0,0.0,180.0,0.0,0.0,8.0,30.0,0.0,0.0,4.0,0.0,0.0,150.0,0.0,0.0,0.0,0.0,3.0,0.0,0.0,0.0,0.0,0.0,0.0,0.0,0.0,0.0,0.0,0.0,0.0,0.0,0.0,1.0,3.0,2.0,0.0,0.0,4.0,8.0,3.0,1.0,3.0,2.0,15.0,0.0,0.0,0.0,0.0,0.0,1.0,1.0,0.0,1.0,0.0,0.0,12.0,0.0,0.0,3.0,-14.3,6.0,-10.0,0.0,0.0,0.0,113.0,136.0,1.0,0.0,-0.0799999999999983,1.0,-0.19999999999998863
111,1.0,0.0,180.0,0.0,0.0,8.0,30.0,0.0,0.0,4.0,0.0,0.0,150.0,0.0,0.0,0.0,0.0,3.0,0.0,0.0,0.0,0.0,0.0,0.0,0.0,0.0,0.0,0.0,0.0,0.0,0.0,0.0,1.0,3.0,2.0,0.0,0.0,4.0,8.0,3.0,1.0,3.0,2.0,15.0,0.0,0.0,0.0,0.0,0.0,1.0,1.0,0.0,1.0,0.0,0.0,12.0,0.0,0.0,3.0,-14.3,6.0,-10.0,0.0,0.0,0.0,113.0,136.0,1.0,0.0,-0.0799999999999983,1.0,-0.19999999999998863
112,1.0,0.0,180.0,0.0,0.0,8.0,30.0,0.0,0.0,4.0,0.0,0.0,150.0,0.0,0.0,0.0,0.0,3.0,0.0,0.0,0.0,0.0,0.0,0.0,0.0,0.0,0.0,0.0,0.0,0.0,0.0,0.0,1.0,3.0,2.0,0.0,0.0,4.0,8.0,3.0,1.0,3.0,2.0,15.0,0.0,0.0,0.0,0.0,0.0,1.0,1.0,0.0,1.0,0.0,0.0,12.0,0.0,0.0,3.0,-14.3,6.0,-10.0,0.0,0.0,0.0,113.0,136.0,1.0,0.0,-0.0799999999999983,1.0,-0.19999999999998863
113,1.0,0.0,180.0,0.0,0.0,8.0,30.0,0.0,0.0,4.0,0.0,0.0,150.0,0.0,0.0,0.0,0.0,3.0,0.0,0.0,0.0,0.0,0.0,0.0,0.0,0.0,0.0,0.0,0.0,0.0,0.0,0.0,1.0,3.0,2.0,0.0,0.0,4.0,8.0,3.0,1.0,3.0,2.0,15.0,0.0,0.0,0.0,0.0,0.0,1.0,1.0,0.0,1.0,0.0,0.0,12.0,0.0,0.0,3.0,-14.3,6.0,-10.0,0.0,0.0,0.0,113.0,136.0,1.0,0.0,-0.0799999999999983,1.0,-0.19999999999998863
114,1.0,0.0,180.0,0.0,0.0,8.0,30.0,0.0,0.0,4.0,0.0,0.0,150.0,0.0,0.0,0.0,0.0,3.0,0.0,0.0,0.0,0.0,0.0,0.0,0.0,0.0,0.0,0.0,0.0,0.0,0.0,0.0,1.0,3.0,2.0,0.0,0.0,4.0,8.0,3.0,1.0,3.0,2.0,15.0,0.0,0.0,0.0,0.0,0.0,1.0,1.0,0.0,1.0,0.0,0.0,12.0,0.0,0.0,3.0,-14.3,6.0,-10.0,0.0,0.0,0.0,113.0,136.0,1.0,0.0,-0.0799999999999983,1.0,-0.19999999999998863
115,1.0,0.0,180.0,0.0,0.0,8.0,30.0,0.0,0.0,4.0,0.0,0.0,150.0,0.0,0.0,0.0,0.0,3.0,0.0,0.0,0.0,0.0,0.0,0.0,0.0,0.0,0.0,0.0,0.0,0.0,0.0,0.0,1.0,3.0,2.0,0.0,0.0,4.0,8.0,3.0,1.0,3.0,2.0,15.0,0.0,0.0,0.0,0.0,0.0,1.0,1.0,0.0,1.0,0.0,0.0,12.0,0.0,0.0,3.0,-14.3,6.0,-10.0,0.0,0.0,0.0,113.0,136.0,1.0,0.0,-0.0799999999999983,1.0,-0.19999999999998863
116,1.0,0.0,180.0,0.0,0.0,8.0,30.0,0.0,0.0,4.0,0.0,0.0,150.0,0.0,0.0,0.0,0.0,3.0,0.0,0.0,0.0,0.0,0.0,0.0,0.0,0.0,0.0,0.0,0.0,0.0,0.0,0.0,1.0,3.0,2.0,0.0,0.0,4.0,8.0,3.0,1.0,3.0,2.0,15.0,0.0,0.0,0.0,0.0,0.0,1.0,1.0,0.0,1.0,0.0,0.0,12.0,0.0,0.0,3.0,-14.3,6.0,-10.0,0.0,0.0,0.0,113.0,136.0,1.0,0.0,-0.0799999999999983,1.0,-0.19999999999998863
117,1.0,0.0,180.0,0.0,0.0,8.0,30.0,0.0,0.0,4.0,0.0,0.0,150.0,0.0,0.0,0.0,0.0,3.0,0.0,0.0,0.0,0.0,0.0,0.0,0.0,0.0,0.0,0.0,0.0,0.0,0.0,0.0,1.0,3.0,2.0,0.0,0.0,4.0,8.0,3.0,1.0,3.0,2.0,15.0,0.0,0.0,0.0,0.0,0.0,1.0,1.0,0.0,1.0,0.0,0.0,12.0,0.0,0.0,3.0,-14.3,6.0,-10.0,0.0,0.0,0.0,113.0,136.0,1.0,0.0,-0.0799999999999983,1.0,-0.19999999999998863
118,1.0,0.0,180.0,0.0,0.0,8.0,30.0,0.0,0.0,4.0,0.0,0.0,150.0,0.0,0.0,0.0,0.0,3.0,0.0,0.0,0.0,0.0,0.0,0.0,0.0,0.0,0.0,0.0,0.0,0.0,0.0,0.0,1.0,3.0,2.0,0.0,0.0,4.0,8.0,3.0,1.0,3.0,2.0,15.0,0.0,0.0,0.0,0.0,0.0,1.0,1.0,0.0,1.0,0.0,0.0,12.0,0.0,0.0,3.0,-14.3,6.0,-10.0,0.0,0.0,0.0,113.0,136.0,1.0,0.0,-0.0799999999999983,1.0,-0.19999999999998863
119,1.0,0.0,180.0,0.0,0.0,8.0,30.0,0.0,0.0,4.0,0.0,0.0,150.0,0.0,0.0,0.0,0.0,3.0,0.0,0.0,0.0,0.0,0.0,0.0,0.0,0.0,0.0,0.0,0.0,0.0,0.0,0.0,1.0,3.0,2.0,0.0,0.0,4.0,8.0,3.0,1.0,3.0,2.0,15.0,0.0,0.0,0.0,0.0,0.0,1.0,1.0,0.0,1.0,0.0,0.0,12.0,0.0,0.0,3.0,-14.3,6.0,-10.0,0.0,0.0,0.0,113.0,136.0,1.0,0.0,-0.0799999999999983,1.0,-0.19999999999998863
120,1.0,0.0,180.0,0.0,0.0,8.0,30.0,0.0,0.0,4.0,0.0,0.0,150.0,0.0,0.0,0.0,0.0,3.0,0.0,0.0,0.0,0.0,0.0,0.0,0.0,0.0,0.0,0.0,0.0,0.0,0.0,0.0,1.0,3.0,2.0,0.0,0.0,4.0,8.0,3.0,1.0,3.0,2.0,15.0,0.0,0.0,0.0,0.0,0.0,1.0,1.0,0.0,1.0,0.0,0.0,12.0,0.0,0.0,3.0,-14.3,6.0,-10.0,0.0,0.0,0.0,113.0,136.0,1.0,0.0,-0.0799999999999983,1.0,-0.19999999999998863
121,1.0,0.0,180.0,0.0,0.0,8.0,30.0,0.0,0.0,4.0,0.0,0.0,150.0,0.0,0.0,0.0,0.0,3.0,0.0,0.0,0.0,0.0,0.0,0.0,0.0,0.0,0.0,0.0,0.0,0.0,0.0,0.0,1.0,3.0,2.0,0.0,0.0,4.0,8.0,3.0,1.0,3.0,2.0,15.0,0.0,0.0,0.0,0.0,0.0,1.0,1.0,0.0,1.0,0.0,0.0,12.0,0.0,0.0,3.0,-14.3,6.0,-10.0,0.0,0.0,0.0,113.0,136.0,1.0,0.0,-0.0799999999999983,1.0,-0.19999999999998863
122,1.0,0.0,180.0,0.0,0.0,8.0,30.0,0.0,0.0,4.0,0.0,0.0,150.0,0.0,0.0,0.0,0.0,3.0,0.0,0.0,0.0,0.0,0.0,0.0,0.0,0.0,0.0,0.0,0.0,0.0,0.0,0.0,1.0,3.0,2.0,0.0,0.0,4.0,8.0,3.0,1.0,3.0,2.0,15.0,0.0,0.0,0.0,0.0,0.0,1.0,1.0,0.0,1.0,0.0,0.0,12.0,0.0,0.0,3.0,-14.3,6.0,-10.0,0.0,0.0,0.0,113.0,136.0,1.0,0.0,-0.0799999999999983,1.0,-0.19999999999998863
123,1.0,0.0,180.0,0.0,0.0,8.0,30.0,0.0,0.0,4.0,0.0,0.0,150.0,0.0,0.0,0.0,0.0,3.0,0.0,0.0,0.0,0.0,0.0,0.0,0.0,0.0,0.0,0.0,0.0,0.0,0.0,0.0,1.0,3.0,2.0,0.0,0.0,4.0,8.0,3.0,1.0,3.0,2.0,15.0,0.0,0.0,0.0,0.0,0.0,1.0,1.0,0.0,1.0,0.0,0.0,12.0,0.0,0.0,3.0,-14.3,6.0,-10.0,0.0,0.0,0.0,113.0,136.0,1.0,0.0,-0.0799999999999983,1.0,-0.19999999999998863
124,1.0,0.0,180.0,0.0,0.0,8.0,30.0,0.0,0.0,4.0,0.0,0.0,150.0,0.0,0.0,0.0,0.0,3.0,0.0,0.0,0.0,0.0,0.0,0.0,0.0,0.0,0.0,0.0,0.0,0.0,0.0,0.0,1.0,3.0,2.0,0.0,0.0,4.0,8.0,3.0,1.0,3.0,2.0,15.0,0.0,0.0,0.0,0.0,0.0,1.0,1.0,0.0,1.0,0.0,0.0,12.0,0.0,0.0,3.0,-14.3,6.0,-10.0,0.0,0.0,0.0,113.0,136.0,1.0,0.0,-0.0799999999999983,1.0,-0.19999999999998863
125,1.0,0.0,180.0,0.0,0.0,8.0,30.0,0.0,0.0,4.0,0.0,0.0,150.0,0.0,0.0,0.0,0.0,3.0,0.0,0.0,0.0,0.0,0.0,0.0,0.0,0.0,0.0,0.0,0.0,0.0,0.0,0.0,1.0,3.0,2.0,0.0,0.0,4.0,8.0,3.0,1.0,3.0,2.0,15.0,0.0,0.0,0.0,0.0,0.0,1.0,1.0,0.0,1.0,0.0,0.0,12.0,0.0,0.0,3.0,-14.3,6.0,-10.0,0.0,0.0,0.0,113.0,136.0,1.0,0.0,-0.0799999999999983,1.0,-0.19999999999998863
126,1.0,0.0,180.0,0.0,0.0,8.0,30.0,0.0,0.0,4.0,0.0,0.0,150.0,0.0,0.0,0.0,0.0,3.0,0.0,0.0,0.0,0.0,0.0,0.0,0.0,0.0,0.0,0.0,0.0,0.0,0.0,0.0,1.0,3.0,2.0,0.0,0.0,4.0,8.0,3.0,1.0,3.0,2.0,15.0,0.0,0.0,0.0,0.0,0.0,1.0,1.0,0.0,1.0,0.0,0.0,12.0,0.0,0.0,3.0,-14.3,6.0,-10.0,0.0,0.0,0.0,113.0,136.0,1.0,0.0,-0.0799999999999983,1.0,-0.19999999999998863
127,1.0,0.0,180.0,0.0,0.0,8.0,30.0,0.0,0.0,4.0,0.0,0.0,150.0,0.0,0.0,0.0,0.0,3.0,0.0,0.0,0.0,0.0,0.0,0.0,0.0,0.0,0.0,0.0,0.0,0.0,0.0,0.0,1.0,3.0,2.0,0.0,0.0,4.0,8.0,3.0,1.0,3.0,2.0,15.0,0.0,0.0,0.0,0.0,0.0,1.0,1.0,0.0,1.0,0.0,0.0,12.0,0.0,0.0,3.0,-14.3,6.0,-10.0,0.0,0.0,0.0,113.0,136.0,1.0,0.0,-0.0799999999999983,1.0,-0.19999999999998863
128,1.0,0.0,180.0,0.0,0.0,8.0,30.0,0.0,0.0,4.0,0.0,0.0,150.0,0.0,0.0,0.0,0.0,3.0,0.0,0.0,0.0,0.0,0.0,0.0,0.0,0.0,0.0,0.0,0.0,0.0,0.0,0.0,1.0,3.0,2.0,0.0,0.0,4.0,8.0,3.0,1.0,3.0,2.0,15.0,0.0,0.0,0.0,0.0,0.0,1.0,1.0,0.0,1.0,0.0,0.0,12.0,0.0,0.0,3.0,-14.3,6.0,-10.0,0.0,0.0,0.0,113.0,136.0,1.0,0.0,-0.0799999999999983,1.0,-0.19999999999998863
129,1.0,0.0,180.0,0.0,0.0,8.0,30.0,0.0,0.0,4.0,0.0,0.0,150.0,0.0,0.0,0.0,0.0,3.0,0.0,0.0,0.0,0.0,0.0,0.0,0.0,0.0,0.0,0.0,0.0,0.0,0.0,0.0,1.0,3.0,2.0,0.0,0.0,4.0,8.0,3.0,1.0,3.0,2.0,15.0,0.0,0.0,0.0,0.0,0.0,1.0,1.0,0.0,1.0,0.0,0.0,12.0,0.0,0.0,3.0,-14.3,6.0,-10.0,0.0,0.0,0.0,113.0,136.0,1.0,0.0,-0.0799999999999983,1.0,-0.19999999999998863
130,1.0,0.0,180.0,0.0,0.0,8.0,30.0,0.0,0.0,4.0,0.0,0.0,150.0,0.0,0.0,0.0,0.0,3.0,0.0,0.0,0.0,0.0,0.0,0.0,0.0,0.0,0.0,0.0,0.0,0.0,0.0,0.0,1.0,3.0,2.0,0.0,0.0,4.0,8.0,3.0,1.0,3.0,2.0,15.0,0.0,0.0,0.0,0.0,0.0,1.0,1.0,0.0,1.0,0.0,0.0,12.0,0.0,0.0,3.0,-14.3,6.0,-10.0,0.0,0.0,0.0,113.0,136.0,1.0,0.0,-0.0799999999999983,1.0,-0.19999999999998863
131,1.0,0.0,180.0,0.0,0.0,8.0,30.0,0.0,0.0,4.0,0.0,0.0,150.0,0.0,0.0,0.0,0.0,3.0,0.0,0.0,0.0,0.0,0.0,0.0,0.0,0.0,0.0,0.0,0.0,0.0,0.0,0.0,1.0,3.0,2.0,0.0,0.0,4.0,8.0,3.0,1.0,3.0,2.0,15.0,0.0,0.0,0.0,0.0,0.0,1.0,1.0,0.0,1.0,0.0,0.0,12.0,0.0,0.0,3.0,-14.3,6.0,-10.0,0.0,0.0,0.0,113.0,136.0,1.0,0.0,-0.0799999999999983,1.0,-0.19999999999998863
132,1.0,0.0,180.0,0.0,0.0,8.0,30.0,0.0,0.0,4.0,0.0,0.0,150.0,0.0,0.0,0.0,0.0,3.0,0.0,0.0,0.0,0.0,0.0,0.0,0.0,0.0,0.0,0.0,0.0,0.0,0.0,0.0,1.0,3.0,2.0,0.0,0.0,4.0,8.0,3.0,1.0,3.0,2.0,15.0,0.0,0.0,0.0,0.0,0.0,1.0,1.0,0.0,1.0,0.0,0.0,12.0,0.0,0.0,3.0,-14.3,6.0,-10.0,0.0,0.0,0.0,113.0,136.0,1.0,0.0,-0.0799999999999983,1.0,-0.19999999999998863
133,1.0,0.0,180.0,0.0,0.0,8.0,30.0,0.0,0.0,4.0,0.0,0.0,150.0,0.0,0.0,0.0,0.0,3.0,0.0,0.0,0.0,0.0,0.0,0.0,0.0,0.0,0.0,0.0,0.0,0.0,0.0,0.0,1.0,3.0,2.0,0.0,0.0,4.0,8.0,3.0,1.0,3.0,2.0,15.0,0.0,0.0,0.0,0.0,0.0,1.0,1.0,0.0,1.0,0.0,0.0,12.0,0.0,0.0,3.0,-14.3,6.0,-10.0,0.0,0.0,0.0,113.0,136.0,1.0,0.0,-0.0799999999999983,1.0,-0.19999999999998863
134,1.0,0.0,180.0,0.0,0.0,8.0,30.0,0.0,0.0,4.0,0.0,0.0,150.0,0.0,0.0,0.0,0.0,3.0,0.0,0.0,0.0,0.0,0.0,0.0,0.0,0.0,0.0,0.0,0.0,0.0,0.0,0.0,1.0,3.0,2.0,0.0,0.0,4.0,8.0,3.0,1.0,3.0,2.0,15.0,0.0,0.0,0.0,0.0,0.0,1.0,1.0,0.0,1.0,0.0,0.0,12.0,0.0,0.0,3.0,-14.3,6.0,-10.0,0.0,0.0,0.0,113.0,136.0,1.0,0.0,-0.0799999999999983,1.0,-0.19999999999998863
135,1.0,0.0,180.0,0.0,0.0,8.0,30.0,0.0,0.0,4.0,0.0,0.0,150.0,0.0,0.0,0.0,0.0,3.0,0.0,0.0,0.0,0.0,0.0,0.0,0.0,0.0,0.0,0.0,0.0,0.0,0.0,0.0,1.0,3.0,2.0,0.0,0.0,4.0,8.0,3.0,1.0,3.0,2.0,15.0,0.0,0.0,0.0,0.0,0.0,1.0,1.0,0.0,1.0,0.0,0.0,12.0,0.0,0.0,3.0,-14.3,6.0,-10.0,0.0,0.0,0.0,113.0,136.0,1.0,0.0,-0.0799999999999983,1.0,-0.19999999999998863
136,1.0,0.0,180.0,0.0,0.0,8.0,30.0,0.0,0.0,4.0,0.0,0.0,150.0,0.0,0.0,0.0,0.0,3.0,0.0,0.0,0.0,0.0,0.0,0.0,0.0,0.0,0.0,0.0,0.0,0.0,0.0,0.0,1.0,3.0,2.0,0.0,0.0,4.0,8.0,3.0,1.0,3.0,2.0,15.0,0.0,0.0,0.0,0.0,0.0,1.0,1.0,0.0,1.0,0.0,0.0,12.0,0.0,0.0,3.0,-14.3,6.0,-10.0,0.0,0.0,0.0,113.0,136.0,1.0,0.0,-0.0799999999999983,1.0,-0.19999999999998863
137,1.0,0.0,180.0,0.0,0.0,8.0,30.0,0.0,0.0,4.0,0.0,0.0,150.0,0.0,0.0,0.0,0.0,3.0,0.0,0.0,0.0,0.0,0.0,0.0,0.0,0.0,0.0,0.0,0.0,0.0,0.0,0.0,1.0,3.0,2.0,0.0,0.0,4.0,8.0,3.0,1.0,3.0,2.0,15.0,0.0,0.0,0.0,0.0,0.0,1.0,1.0,0.0,1.0,0.0,0.0,12.0,0.0,0.0,3.0,-14.3,6.0,-10.0,0.0,0.0,0.0,113.0,136.0,1.0,0.0,-0.0799999999999983,1.0,-0.19999999999998863
138,1.0,0.0,180.0,0.0,0.0,8.0,30.0,0.0,0.0,4.0,0.0,0.0,150.0,0.0,0.0,0.0,0.0,3.0,0.0,0.0,0.0,0.0,0.0,0.0,0.0,0.0,0.0,0.0,0.0,0.0,0.0,0.0,1.0,3.0,2.0,0.0,0.0,4.0,8.0,3.0,1.0,3.0,2.0,15.0,0.0,0.0,0.0,0.0,0.0,1.0,1.0,0.0,1.0,0.0,0.0,12.0,0.0,0.0,3.0,-14.3,6.0,-10.0,0.0,0.0,0.0,113.0,136.0,1.0,0.0,-0.0799999999999983,1.0,-0.19999999999998863
139,1.0,0.0,180.0,0.0,0.0,8.0,30.0,0.0,0.0,4.0,0.0,0.0,150.0,0.0,0.0,0.0,0.0,3.0,0.0,0.0,0.0,0.0,0.0,0.0,0.0,0.0,0.0,0.0,0.0,0.0,0.0,0.0,1.0,3.0,2.0,0.0,0.0,4.0,8.0,3.0,1.0,3.0,2.0,15.0,0.0,0.0,0.0,0.0,0.0,1.0,1.0,0.0,1.0,0.0,0.0,12.0,0.0,0.0,3.0,-14.3,6.0,-10.0,0.0,0.0,0.0,113.0,136.0,1.0,0.0,-0.0799999999999983,1.0,-0.19999999999998863
140,1.0,0.0,180.0,0.0,0.0,8.0,30.0,0.0,0.0,4.0,0.0,0.0,150.0,0.0,0.0,0.0,0.0,3.0,0.0,0.0,0.0,0.0,0.0,0.0,0.0,0.0,0.0,0.0,0.0,0.0,0.0,0.0,1.0,3.0,2.0,0.0,0.0,4.0,8.0,3.0,1.0,3.0,2.0,15.0,0.0,0.0,0.0,0.0,0.0,1.0,1.0,0.0,1.0,0.0,0.0,12.0,0.0,0.0,3.0,-14.3,6.0,-10.0,0.0,0.0,0.0,113.0,136.0,1.0,0.0,-0.0799999999999983,1.0,-0.19999999999998863
141,1.0,0.0,180.0,0.0,0.0,8.0,30.0,0.0,0.0,4.0,0.0,0.0,150.0,0.0,0.0,0.0,0.0,3.0,0.0,0.0,0.0,0.0,0.0,0.0,0.0,0.0,0.0,0.0,0.0,0.0,0.0,0.0,1.0,3.0,2.0,0.0,0.0,4.0,8.0,3.0,1.0,3.0,2.0,15.0,0.0,0.0,0.0,0.0,0.0,1.0,1.0,0.0,1.0,0.0,0.0,12.0,0.0,0.0,3.0,-14.3,6.0,-10.0,0.0,0.0,0.0,113.0,136.0,1.0,0.0,-0.0799999999999983,1.0,-0.19999999999998863
142,1.0,0.0,180.0,0.0,0.0,8.0,30.0,0.0,0.0,4.0,0.0,0.0,150.0,0.0,0.0,0.0,0.0,3.0,0.0,0.0,0.0,0.0,0.0,0.0,0.0,0.0,0.0,0.0,0.0,0.0,0.0,0.0,1.0,3.0,2.0,0.0,0.0,4.0,8.0,3.0,1.0,3.0,2.0,15.0,0.0,0.0,0.0,0.0,0.0,1.0,1.0,0.0,1.0,0.0,0.0,12.0,0.0,0.0,3.0,-14.3,6.0,-10.0,0.0,0.0,0.0,113.0,136.0,1.0,0.0,-0.0799999999999983,1.0,-0.19999999999998863
143,1.0,0.0,180.0,0.0,0.0,8.0,30.0,0.0,0.0,4.0,0.0,0.0,150.0,0.0,0.0,0.0,0.0,3.0,0.0,0.0,0.0,0.0,0.0,0.0,0.0,0.0,0.0,0.0,0.0,0.0,0.0,0.0,1.0,3.0,2.0,0.0,0.0,4.0,8.0,3.0,1.0,3.0,2.0,15.0,0.0,0.0,0.0,0.0,0.0,1.0,1.0,0.0,1.0,0.0,0.0,12.0,0.0,0.0,3.0,-14.3,6.0,-10.0,0.0,0.0,0.0,113.0,136.0,1.0,0.0,-0.0799999999999983,1.0,-0.19999999999998863
144,1.0,0.0,180.0,0.0,0.0,8.0,30.0,0.0,0.0,4.0,0.0,0.0,150.0,0.0,0.0,0.0,0.0,3.0,0.0,0.0,0.0,0.0,0.0,0.0,0.0,0.0,0.0,0.0,0.0,0.0,0.0,0.0,1.0,3.0,2.0,0.0,0.0,4.0,8.0,3.0,1.0,3.0,2.0,15.0,0.0,0.0,0.0,0.0,0.0,1.0,1.0,0.0,1.0,0.0,0.0,12.0,0.0,0.0,3.0,-14.3,6.0,-10.0,0.0,0.0,0.0,113.0,136.0,1.0,0.0,-0.0799999999999983,1.0,-0.19999999999998863
145,1.0,0.0,180.0,0.0,0.0,8.0,30.0,0.0,0.0,4.0,0.0,0.0,150.0,0.0,0.0,0.0,0.0,3.0,0.0,0.0,0.0,0.0,0.0,0.0,0.0,0.0,0.0,0.0,0.0,0.0,0.0,0.0,1.0,3.0,2.0,0.0,0.0,4.0,8.0,3.0,1.0,3.0,2.0,15.0,0.0,0.0,0.0,0.0,0.0,1.0,1.0,0.0,1.0,0.0,0.0,12.0,0.0,0.0,3.0,-14.3,6.0,-10.0,0.0,0.0,0.0,113.0,136.0,1.0,0.0,-0.0799999999999983,1.0,-0.19999999999998863
146,1.0,0.0,180.0,0.0,0.0,8.0,30.0,0.0,0.0,4.0,0.0,0.0,150.0,0.0,0.0,0.0,0.0,3.0,0.0,0.0,0.0,0.0,0.0,0.0,0.0,0.0,0.0,0.0,0.0,0.0,0.0,0.0,1.0,3.0,2.0,0.0,0.0,4.0,8.0,3.0,1.0,3.0,2.0,15.0,0.0,0.0,0.0,0.0,0.0,1.0,1.0,0.0,1.0,0.0,0.0,12.0,0.0,0.0,3.0,-14.3,6.0,-10.0,0.0,0.0,0.0,113.0,136.0,1.0,0.0,-0.0799999999999983,1.0,-0.19999999999998863
147,1.0,0.0,180.0,0.0,0.0,8.0,30.0,0.0,0.0,4.0,0.0,0.0,150.0,0.0,0.0,0.0,0.0,3.0,0.0,0.0,0.0,0.0,0.0,0.0,0.0,0.0,0.0,0.0,0.0,0.0,0.0,0.0,1.0,3.0,2.0,0.0,0.0,4.0,8.0,3.0,1.0,3.0,2.0,15.0,0.0,0.0,0.0,0.0,0.0,1.0,1.0,0.0,1.0,0.0,0.0,12.0,0.0,0.0,3.0,-14.3,6.0,-10.0,0.0,0.0,0.0,113.0,136.0,1.0,0.0,-0.0799999999999983,1.0,-0.19999999999998863
148,1.0,0.0,180.0,0.0,0.0,8.0,30.0,0.0,0.0,4.0,0.0,0.0,150.0,0.0,0.0,0.0,0.0,3.0,0.0,0.0,0.0,0.0,0.0,0.0,0.0,0.0,0.0,0.0,0.0,0.0,0.0,0.0,1.0,3.0,2.0,0.0,0.0,4.0,8.0,3.0,1.0,3.0,2.0,15.0,0.0,0.0,0.0,0.0,0.0,1.0,1.0,0.0,1.0,0.0,0.0,12.0,0.0,0.0,3.0,-14.3,6.0,-10.0,0.0,0.0,0.0,113.0,136.0,1.0,0.0,-0.0799999999999983,1.0,-0.19999999999998863
149,1.0,0.0,180.0,0.0,0.0,8.0,30.0,0.0,0.0,4.0,0.0,0.0,150.0,0.0,0.0,0.0,0.0,3.0,0.0,0.0,0.0,0.0,0.0,0.0,0.0,0.0,0.0,0.0,0.0,0.0,0.0,0.0,1.0,3.0,2.0,0.0,0.0,4.0,8.0,3.0,1.0,3.0,2.0,15.0,0.0,0.0,0.0,0.0,0.0,1.0,1.0,0.0,1.0,0.0,0.0,12.0,0.0,0.0,3.0,-14.3,6.0,-10.0,0.0,0.0,0.0,113.0,136.0,1.0,0.0,-0.0799999999999983,1.0,-0.19999999999998863
150,1.0,0.0,180.0,0.0,0.0,8.0,30.0,0.0,0.0,4.0,0.0,0.0,150.0,0.0,0.0,0.0,0.0,3.0,0.0,0.0,0.0,0.0,0.0,0.0,0.0,0.0,0.0,0.0,0.0,0.0,0.0,0.0,1.0,3.0,2.0,0.0,0.0,4.0,8.0,3.0,1.0,3.0,2.0,15.0,0.0,0.0,0.0,0.0,0.0,1.0,1.0,0.0,1.0,0.0,0.0,12.0,0.0,0.0,3.0,-14.3,6.0,-10.0,0.0,0.0,0.0,113.0,136.0,1.0,0.0,-0.0799999999999983,1.0,-0.19999999999998863
151,1.0,0.0,180.0,0.0,0.0,8.0,30.0,0.0,0.0,4.0,0.0,0.0,150.0,0.0,0.0,0.0,0.0,3.0,0.0,0.0,0.0,0.0,0.0,0.0,0.0,0.0,0.0,0.0,0.0,0.0,0.0,0.0,1.0,3.0,2.0,0.0,0.0,4.0,8.0,3.0,1.0,3.0,2.0,15.0,0.0,0.0,0.0,0.0,0.0,1.0,1.0,0.0,1.0,0.0,0.0,12.0,0.0,0.0,3.0,-14.3,6.0,-10.0,0.0,0.0,0.0,113.0,136.0,1.0,0.0,-0.0799999999999983,1.0,-0.19999999999998863
152,1.0,0.0,180.0,0.0,0.0,8.0,30.0,0.0,0.0,4.0,0.0,0.0,150.0,0.0,0.0,0.0,0.0,3.0,0.0,0.0,0.0,0.0,0.0,0.0,0.0,0.0,0.0,0.0,0.0,0.0,0.0,0.0,1.0,3.0,2.0,0.0,0.0,4.0,8.0,3.0,1.0,3.0,2.0,15.0,0.0,0.0,0.0,0.0,0.0,1.0,1.0,0.0,1.0,0.0,0.0,12.0,0.0,0.0,3.0,-14.3,6.0,-10.0,0.0,0.0,0.0,113.0,136.0,1.0,0.0,-0.0799999999999983,1.0,-0.19999999999998863
153,1.0,0.0,180.0,0.0,0.0,8.0,30.0,0.0,0.0,4.0,0.0,0.0,150.0,0.0,0.0,0.0,0.0,3.0,0.0,0.0,0.0,0.0,0.0,0.0,0.0,0.0,0.0,0.0,0.0,0.0,0.0,0.0,1.0,3.0,2.0,0.0,0.0,4.0,8.0,3.0,1.0,3.0,2.0,15.0,0.0,0.0,0.0,0.0,0.0,1.0,1.0,0.0,1.0,0.0,0.0,12.0,0.0,0.0,3.0,-14.3,6.0,-10.0,0.0,0.0,0.0,113.0,136.0,1.0,0.0,-0.0799999999999983,1.0,-0.19999999999998863
154,1.0,0.0,180.0,0.0,0.0,8.0,30.0,0.0,0.0,4.0,0.0,0.0,150.0,0.0,0.0,0.0,0.0,3.0,0.0,0.0,0.0,0.0,0.0,0.0,0.0,0.0,0.0,0.0,0.0,0.0,0.0,0.0,1.0,3.0,2.0,0.0,0.0,4.0,8.0,3.0,1.0,3.0,2.0,15.0,0.0,0.0,0.0,0.0,0.0,1.0,1.0,0.0,1.0,0.0,0.0,12.0,0.0,0.0,3.0,-14.3,6.0,-10.0,0.0,0.0,0.0,113.0,136.0,1.0,0.0,-0.0799999999999983,1.0,-0.19999999999998863
155,1.0,0.0,180.0,0.0,0.0,8.0,30.0,0.0,0.0,4.0,0.0,0.0,150.0,0.0,0.0,0.0,0.0,3.0,0.0,0.0,0.0,0.0,0.0,0.0,0.0,0.0,0.0,0.0,0.0,0.0,0.0,0.0,1.0,3.0,2.0,0.0,0.0,4.0,8.0,3.0,1.0,3.0,2.0,15.0,0.0,0.0,0.0,0.0,0.0,1.0,1.0,0.0,1.0,0.0,0.0,12.0,0.0,0.0,3.0,-14.3,6.0,-10.0,0.0,0.0,0.0,113.0,136.0,1.0,0.0,-0.0799999999999983,1.0,-0.19999999999998863
156,1.0,0.0,180.0,0.0,0.0,8.0,30.0,0.0,0.0,4.0,0.0,0.0,150.0,0.0,0.0,0.0,0.0,3.0,0.0,0.0,0.0,0.0,0.0,0.0,0.0,0.0,0.0,0.0,0.0,0.0,0.0,0.0,1.0,3.0,2.0,0.0,0.0,4.0,8.0,3.0,1.0,3.0,2.0,15.0,0.0,0.0,0.0,0.0,0.0,1.0,1.0,0.0,1.0,0.0,0.0,12.0,0.0,0.0,3.0,-14.3,6.0,-10.0,0.0,0.0,0.0,113.0,136.0,1.0,0.0,-0.0799999999999983,1.0,-0.19999999999998863
157,1.0,0.0,180.0,0.0,0.0,8.0,30.0,0.0,0.0,4.0,0.0,0.0,150.0,0.0,0.0,0.0,0.0,3.0,0.0,0.0,0.0,0.0,0.0,0.0,0.0,0.0,0.0,0.0,0.0,0.0,0.0,0.0,1.0,3.0,2.0,0.0,0.0,4.0,8.0,3.0,1.0,3.0,2.0,15.0,0.0,0.0,0.0,0.0,0.0,1.0,1.0,0.0,1.0,0.0,0.0,12.0,0.0,0.0,3.0,-14.3,6.0,-10.0,0.0,0.0,0.0,113.0,136.0,1.0,0.0,-0.0799999999999983,1.0,-0.19999999999998863
158,1.0,0.0,180.0,0.0,0.0,8.0,30.0,0.0,0.0,4.0,0.0,0.0,150.0,0.0,0.0,0.0,0.0,3.0,0.0,0.0,0.0,0.0,0.0,0.0,0.0,0.0,0.0,0.0,0.0,0.0,0.0,0.0,1.0,3.0,2.0,0.0,0.0,4.0,8.0,3.0,1.0,3.0,2.0,15.0,0.0,0.0,0.0,0.0,0.0,1.0,1.0,0.0,1.0,0.0,0.0,12.0,0.0,0.0,3.0,-14.3,6.0,-10.0,0.0,0.0,0.0,113.0,136.0,1.0,0.0,-0.0799999999999983,1.0,-0.19999999999998863
159,1.0,0.0,180.0,0.0,0.0,8.0,30.0,0.0,0.0,4.0,0.0,0.0,150.0,0.0,0.0,0.0,0.0,3.0,0.0,0.0,0.0,0.0,0.0,0.0,0.0,0.0,0.0,0.0,0.0,0.0,0.0,0.0,1.0,3.0,2.0,0.0,0.0,4.0,8.0,3.0,1.0,3.0,2.0,15.0,0.0,0.0,0.0,0.0,0.0,1.0,1.0,0.0,1.0,0.0,0.0,12.0,0.0,0.0,3.0,-14.3,6.0,-10.0,0.0,0.0,0.0,113.0,136.0,1.0,0.0,-0.0799999999999983,1.0,-0.19999999999998863
160,1.0,0.0,180.0,0.0,0.0,8.0,30.0,0.0,0.0,4.0,0.0,0.0,150.0,0.0,0.0,0.0,0.0,3.0,0.0,0.0,0.0,0.0,0.0,0.0,0.0,0.0,0.0,0.0,0.0,0.0,0.0,0.0,1.0,3.0,2.0,0.0,0.0,4.0,8.0,3.0,1.0,3.0,2.0,15.0,0.0,0.0,0.0,0.0,0.0,1.0,1.0,0.0,1.0,0.0,0.0,12.0,0.0,0.0,3.0,-14.3,6.0,-10.0,0.0,0.0,0.0,113.0,136.0,1.0,0.0,-0.0799999999999983,1.0,-0.19999999999998863
161,1.0,0.0,180.0,0.0,0.0,8.0,30.0,0.0,0.0,4.0,0.0,0.0,150.0,0.0,0.0,0.0,0.0,3.0,0.0,0.0,0.0,0.0,0.0,0.0,0.0,0.0,0.0,0.0,0.0,0.0,0.0,0.0,1.0,3.0,2.0,0.0,0.0,4.0,8.0,3.0,1.0,3.0,2.0,15.0,0.0,0.0,0.0,0.0,0.0,1.0,1.0,0.0,1.0,0.0,0.0,12.0,0.0,0.0,3.0,-14.3,6.0,-10.0,0.0,0.0,0.0,113.0,136.0,1.0,0.0,-0.0799999999999983,1.0,-0.19999999999998863
162,1.0,0.0,180.0,0.0,0.0,8.0,30.0,0.0,0.0,4.0,0.0,0.0,150.0,0.0,0.0,0.0,0.0,3.0,0.0,0.0,0.0,0.0,0.0,0.0,0.0,0.0,0.0,0.0,0.0,0.0,0.0,0.0,1.0,3.0,2.0,0.0,0.0,4.0,8.0,3.0,1.0,3.0,2.0,15.0,0.0,0.0,0.0,0.0,0.0,1.0,1.0,0.0,1.0,0.0,0.0,12.0,0.0,0.0,3.0,-14.3,6.0,-10.0,0.0,0.0,0.0,113.0,136.0,1.0,0.0,-0.0799999999999983,1.0,-0.19999999999998863
163,1.0,0.0,180.0,0.0,0.0,8.0,30.0,0.0,0.0,4.0,0.0,0.0,150.0,0.0,0.0,0.0,0.0,3.0,0.0,0.0,0.0,0.0,0.0,0.0,0.0,0.0,0.0,0.0,0.0,0.0,0.0,0.0,1.0,3.0,2.0,0.0,0.0,4.0,8.0,3.0,1.0,3.0,2.0,15.0,0.0,0.0,0.0,0.0,0.0,1.0,1.0,0.0,1.0,0.0,0.0,12.0,0.0,0.0,3.0,-14.3,6.0,-10.0,0.0,0.0,0.0,113.0,136.0,1.0,0.0,-0.0799999999999983,1.0,-0.19999999999998863
164,1.0,0.0,180.0,0.0,0.0,8.0,30.0,0.0,0.0,4.0,0.0,0.0,150.0,0.0,0.0,0.0,0.0,3.0,0.0,0.0,0.0,0.0,0.0,0.0,0.0,0.0,0.0,0.0,0.0,0.0,0.0,0.0,1.0,3.0,2.0,0.0,0.0,4.0,8.0,3.0,1.0,3.0,2.0,15.0,0.0,0.0,0.0,0.0,0.0,1.0,1.0,0.0,1.0,0.0,0.0,12.0,0.0,0.0,3.0,-14.3,6.0,-10.0,0.0,0.0,0.0,113.0,136.0,1.0,0.0,-0.0799999999999983,1.0,-0.19999999999998863
165,1.0,0.0,180.0,0.0,0.0,8.0,30.0,0.0,0.0,4.0,0.0,0.0,150.0,0.0,0.0,0.0,0.0,3.0,0.0,0.0,0.0,0.0,0.0,0.0,0.0,0.0,0.0,0.0,0.0,0.0,0.0,0.0,1.0,3.0,2.0,0.0,0.0,4.0,8.0,3.0,1.0,3.0,2.0,15.0,0.0,0.0,0.0,0.0,0.0,1.0,1.0,0.0,1.0,0.0,0.0,12.0,0.0,0.0,3.0,-14.3,6.0,-10.0,0.0,0.0,0.0,113.0,136.0,1.0,0.0,-0.0799999999999983,1.0,-0.19999999999998863
166,1.0,0.0,180.0,0.0,0.0,8.0,30.0,0.0,0.0,4.0,0.0,0.0,150.0,0.0,0.0,0.0,0.0,3.0,0.0,0.0,0.0,0.0,0.0,0.0,0.0,0.0,0.0,0.0,0.0,0.0,0.0,0.0,1.0,3.0,2.0,0.0,0.0,4.0,8.0,3.0,1.0,3.0,2.0,15.0,0.0,0.0,0.0,0.0,0.0,1.0,1.0,0.0,1.0,0.0,0.0,12.0,0.0,0.0,3.0,-14.3,6.0,-10.0,0.0,0.0,0.0,113.0,136.0,1.0,0.0,-0.0799999999999983,1.0,-0.19999999999998863
167,1.0,0.0,180.0,0.0,0.0,8.0,30.0,0.0,0.0,4.0,0.0,0.0,150.0,0.0,0.0,0.0,0.0,3.0,0.0,0.0,0.0,0.0,0.0,0.0,0.0,0.0,0.0,0.0,0.0,0.0,0.0,0.0,1.0,3.0,2.0,0.0,0.0,4.0,8.0,3.0,1.0,3.0,2.0,15.0,0.0,0.0,0.0,0.0,0.0,1.0,1.0,0.0,1.0,0.0,0.0,12.0,0.0,0.0,3.0,-14.3,6.0,-10.0,0.0,0.0,0.0,113.0,136.0,1.0,0.0,-0.0799999999999983,1.0,-0.19999999999998863
168,1.0,0.0,180.0,0.0,0.0,8.0,30.0,0.0,0.0,4.0,0.0,0.0,150.0,0.0,0.0,0.0,0.0,3.0,0.0,0.0,0.0,0.0,0.0,0.0,0.0,0.0,0.0,0.0,0.0,0.0,0.0,0.0,1.0,3.0,2.0,0.0,0.0,4.0,8.0,3.0,1.0,3.0,2.0,15.0,0.0,0.0,0.0,0.0,0.0,1.0,1.0,0.0,1.0,0.0,0.0,12.0,0.0,0.0,3.0,-14.3,6.0,-10.0,0.0,0.0,0.0,113.0,136.0,1.0,0.0,-0.0799999999999983,1.0,-0.19999999999998863
169,1.0,0.0,180.0,0.0,0.0,8.0,30.0,0.0,0.0,4.0,0.0,0.0,150.0,0.0,0.0,0.0,0.0,3.0,0.0,0.0,0.0,0.0,0.0,0.0,0.0,0.0,0.0,0.0,0.0,0.0,0.0,0.0,1.0,3.0,2.0,0.0,0.0,4.0,8.0,3.0,1.0,3.0,2.0,15.0,0.0,0.0,0.0,0.0,0.0,1.0,1.0,0.0,1.0,0.0,0.0,12.0,0.0,0.0,3.0,-14.3,6.0,-10.0,0.0,0.0,0.0,113.0,136.0,1.0,0.0,-0.0799999999999983,1.0,-0.19999999999998863
170,1.0,0.0,180.0,0.0,0.0,8.0,30.0,0.0,0.0,4.0,0.0,0.0,150.0,0.0,0.0,0.0,0.0,3.0,0.0,0.0,0.0,0.0,0.0,0.0,0.0,0.0,0.0,0.0,0.0,0.0,0.0,0.0,1.0,3.0,2.0,0.0,0.0,4.0,8.0,3.0,1.0,3.0,2.0,15.0,0.0,0.0,0.0,0.0,0.0,1.0,1.0,0.0,1.0,0.0,0.0,12.0,0.0,0.0,3.0,-14.3,6.0,-10.0,0.0,0.0,0.0,113.0,136.0,1.0,0.0,-0.0799999999999983,1.0,-0.19999999999998863
171,1.0,0.0,180.0,0.0,0.0,8.0,30.0,0.0,0.0,4.0,0.0,0.0,150.0,0.0,0.0,0.0,0.0,3.0,0.0,0.0,0.0,0.0,0.0,0.0,0.0,0.0,0.0,0.0,0.0,0.0,0.0,0.0,1.0,3.0,2.0,0.0,0.0,4.0,8.0,3.0,1.0,3.0,2.0,15.0,0.0,0.0,0.0,0.0,0.0,1.0,1.0,0.0,1.0,0.0,0.0,12.0,0.0,0.0,3.0,-14.3,6.0,-10.0,0.0,0.0,0.0,113.0,136.0,1.0,0.0,-0.0799999999999983,1.0,-0.19999999999998863
172,1.0,0.0,180.0,0.0,0.0,8.0,30.0,0.0,0.0,4.0,0.0,0.0,150.0,0.0,0.0,0.0,0.0,3.0,0.0,0.0,0.0,0.0,0.0,0.0,0.0,0.0,0.0,0.0,0.0,0.0,0.0,0.0,1.0,3.0,2.0,0.0,0.0,4.0,8.0,3.0,1.0,3.0,2.0,15.0,0.0,0.0,0.0,0.0,0.0,1.0,1.0,0.0,1.0,0.0,0.0,12.0,0.0,0.0,3.0,-14.3,6.0,-10.0,0.0,0.0,0.0,113.0,136.0,1.0,0.0,-0.0799999999999983,1.0,-0.19999999999998863
173,1.0,0.0,180.0,0.0,0.0,8.0,30.0,0.0,0.0,4.0,0.0,0.0,150.0,0.0,0.0,0.0,0.0,3.0,0.0,0.0,0.0,0.0,0.0,0.0,0.0,0.0,0.0,0.0,0.0,0.0,0.0,0.0,1.0,3.0,2.0,0.0,0.0,4.0,8.0,3.0,1.0,3.0,2.0,15.0,0.0,0.0,0.0,0.0,0.0,1.0,1.0,0.0,1.0,0.0,0.0,12.0,0.0,0.0,3.0,-14.3,6.0,-10.0,0.0,0.0,0.0,113.0,136.0,1.0,0.0,-0.0799999999999983,1.0,-0.19999999999998863
174,1.0,0.0,180.0,0.0,0.0,8.0,30.0,0.0,0.0,4.0,0.0,0.0,150.0,0.0,0.0,0.0,0.0,3.0,0.0,0.0,0.0,0.0,0.0,0.0,0.0,0.0,0.0,0.0,0.0,0.0,0.0,0.0,1.0,3.0,2.0,0.0,0.0,4.0,8.0,3.0,1.0,3.0,2.0,15.0,0.0,0.0,0.0,0.0,0.0,1.0,1.0,0.0,1.0,0.0,0.0,12.0,0.0,0.0,3.0,-14.3,6.0,-10.0,0.0,0.0,0.0,113.0,136.0,1.0,0.0,-0.0799999999999983,1.0,-0.19999999999998863
175,1.0,0.0,180.0,0.0,0.0,8.0,30.0,0.0,0.0,4.0,0.0,0.0,150.0,0.0,0.0,0.0,0.0,3.0,0.0,0.0,0.0,0.0,0.0,0.0,0.0,0.0,0.0,0.0,0.0,0.0,0.0,0.0,1.0,3.0,2.0,0.0,0.0,4.0,8.0,3.0,1.0,3.0,2.0,15.0,0.0,0.0,0.0,0.0,0.0,1.0,1.0,0.0,1.0,0.0,0.0,12.0,0.0,0.0,3.0,-14.3,6.0,-10.0,0.0,0.0,0.0,113.0,136.0,1.0,0.0,-0.0799999999999983,1.0,-0.19999999999998863
176,1.0,0.0,180.0,0.0,0.0,8.0,30.0,0.0,0.0,4.0,0.0,0.0,150.0,0.0,0.0,0.0,0.0,3.0,0.0,0.0,0.0,0.0,0.0,0.0,0.0,0.0,0.0,0.0,0.0,0.0,0.0,0.0,1.0,3.0,2.0,0.0,0.0,4.0,8.0,3.0,1.0,3.0,2.0,15.0,0.0,0.0,0.0,0.0,0.0,1.0,1.0,0.0,1.0,0.0,0.0,12.0,0.0,0.0,3.0,-14.3,6.0,-10.0,0.0,0.0,0.0,113.0,136.0,1.0,0.0,-0.0799999999999983,1.0,-0.19999999999998863
177,1.0,0.0,180.0,0.0,0.0,8.0,30.0,0.0,0.0,4.0,0.0,0.0,150.0,0.0,0.0,0.0,0.0,3.0,0.0,0.0,0.0,0.0,0.0,0.0,0.0,0.0,0.0,0.0,0.0,0.0,0.0,0.0,1.0,3.0,2.0,0.0,0.0,4.0,8.0,3.0,1.0,3.0,2.0,15.0,0.0,0.0,0.0,0.0,0.0,1.0,1.0,0.0,1.0,0.0,0.0,12.0,0.0,0.0,3.0,-14.3,6.0,-10.0,0.0,0.0,0.0,113.0,136.0,1.0,0.0,-0.0799999999999983,1.0,-0.19999999999998863
178,1.0,0.0,180.0,0.0,0.0,8.0,30.0,0.0,0.0,4.0,0.0,0.0,150.0,0.0,0.0,0.0,0.0,3.0,0.0,0.0,0.0,0.0,0.0,0.0,0.0,0.0,0.0,0.0,0.0,0.0,0.0,0.0,1.0,3.0,2.0,0.0,0.0,4.0,8.0,3.0,1.0,3.0,2.0,15.0,0.0,0.0,0.0,0.0,0.0,1.0,1.0,0.0,1.0,0.0,0.0,12.0,0.0,0.0,3.0,-14.3,6.0,-10.0,0.0,0.0,0.0,113.0,136.0,1.0,0.0,-0.0799999999999983,1.0,-0.19999999999998863
179,1.0,0.0,180.0,0.0,0.0,8.0,30.0,0.0,0.0,4.0,0.0,0.0,150.0,0.0,0.0,0.0,0.0,3.0,0.0,0.0,0.0,0.0,0.0,0.0,0.0,0.0,0.0,0.0,0.0,0.0,0.0,0.0,1.0,3.0,2.0,0.0,0.0,4.0,8.0,3.0,1.0,3.0,2.0,15.0,0.0,0.0,0.0,0.0,0.0,1.0,1.0,0.0,1.0,0.0,0.0,12.0,0.0,0.0,3.0,-14.3,6.0,-10.0,0.0,0.0,0.0,113.0,136.0,1.0,0.0,-0.0799999999999983,1.0,-0.19999999999998863
180,1.0,0.0,180.0,0.0,0.0,8.0,30.0,0.0,0.0,4.0,0.0,0.0,150.0,0.0,0.0,0.0,0.0,3.0,0.0,0.0,0.0,0.0,0.0,0.0,0.0,0.0,0.0,0.0,0.0,0.0,0.0,0.0,1.0,3.0,2.0,0.0,0.0,4.0,8.0,3.0,1.0,3.0,2.0,15.0,0.0,0.0,0.0,0.0,0.0,1.0,1.0,0.0,1.0,0.0,0.0,12.0,0.0,0.0,3.0,-14.3,6.0,-10.0,0.0,0.0,0.0,113.0,136.0,1.0,0.0,-0.0799999999999983,1.0,-0.19999999999998863
181,1.0,0.0,180.0,0.0,0.0,8.0,30.0,0.0,0.0,4.0,0.0,0.0,150.0,0.0,0.0,0.0,0.0,3.0,0.0,0.0,0.0,0.0,0.0,0.0,0.0,0.0,0.0,0.0,0.0,0.0,0.0,0.0,1.0,3.0,2.0,0.0,0.0,4.0,8.0,3.0,1.0,3.0,2.0,15.0,0.0,0.0,0.0,0.0,0.0,1.0,1.0,0.0,1.0,0.0,0.0,12.0,0.0,0.0,3.0,-14.3,6.0,-10.0,0.0,0.0,0.0,113.0,136.0,1.0,0.0,-0.0799999999999983,1.0,-0.19999999999998863
182,1.0,0.0,180.0,0.0,0.0,8.0,30.0,0.0,0.0,4.0,0.0,0.0,150.0,0.0,0.0,0.0,0.0,3.0,0.0,0.0,0.0,0.0,0.0,0.0,0.0,0.0,0.0,0.0,0.0,0.0,0.0,0.0,1.0,3.0,2.0,0.0,0.0,4.0,8.0,3.0,1.0,3.0,2.0,15.0,0.0,0.0,0.0,0.0,0.0,1.0,1.0,0.0,1.0,0.0,0.0,12.0,0.0,0.0,3.0,-14.3,6.0,-10.0,0.0,0.0,0.0,113.0,136.0,1.0,0.0,-0.0799999999999983,1.0,-0.19999999999998863
183,1.0,0.0,180.0,0.0,0.0,8.0,30.0,0.0,0.0,4.0,0.0,0.0,150.0,0.0,0.0,0.0,0.0,3.0,0.0,0.0,0.0,0.0,0.0,0.0,0.0,0.0,0.0,0.0,0.0,0.0,0.0,0.0,1.0,3.0,2.0,0.0,0.0,4.0,8.0,3.0,1.0,3.0,2.0,15.0,0.0,0.0,0.0,0.0,0.0,1.0,1.0,0.0,1.0,0.0,0.0,12.0,0.0,0.0,3.0,-14.3,6.0,-10.0,0.0,0.0,0.0,113.0,136.0,1.0,0.0,-0.0799999999999983,1.0,-0.19999999999998863
184,1.0,0.0,180.0,0.0,0.0,8.0,30.0,0.0,0.0,4.0,0.0,0.0,150.0,0.0,0.0,0.0,0.0,3.0,0.0,0.0,0.0,0.0,0.0,0.0,0.0,0.0,0.0,0.0,0.0,0.0,0.0,0.0,1.0,3.0,2.0,0.0,0.0,4.0,8.0,3.0,1.0,3.0,2.0,15.0,0.0,0.0,0.0,0.0,0.0,1.0,1.0,0.0,1.0,0.0,0.0,12.0,0.0,0.0,3.0,-14.3,6.0,-10.0,0.0,0.0,0.0,113.0,136.0,1.0,0.0,-0.0799999999999983,1.0,-0.19999999999998863
185,1.0,0.0,180.0,0.0,0.0,8.0,30.0,0.0,0.0,4.0,0.0,0.0,150.0,0.0,0.0,0.0,0.0,3.0,0.0,0.0,0.0,0.0,0.0,0.0,0.0,0.0,0.0,0.0,0.0,0.0,0.0,0.0,1.0,3.0,2.0,0.0,0.0,4.0,8.0,3.0,1.0,3.0,2.0,15.0,0.0,0.0,0.0,0.0,0.0,1.0,1.0,0.0,1.0,0.0,0.0,12.0,0.0,0.0,3.0,-14.3,6.0,-10.0,0.0,0.0,0.0,113.0,136.0,1.0,0.0,-0.0799999999999983,1.0,-0.19999999999998863
186,1.0,0.0,180.0,0.0,0.0,8.0,30.0,0.0,0.0,4.0,0.0,0.0,150.0,0.0,0.0,0.0,0.0,3.0,0.0,0.0,0.0,0.0,0.0,0.0,0.0,0.0,0.0,0.0,0.0,0.0,0.0,0.0,1.0,3.0,2.0,0.0,0.0,4.0,8.0,3.0,1.0,3.0,2.0,15.0,0.0,0.0,0.0,0.0,0.0,1.0,1.0,0.0,1.0,0.0,0.0,12.0,0.0,0.0,3.0,-14.3,6.0,-10.0,0.0,0.0,0.0,113.0,136.0,1.0,0.0,-0.0799999999999983,1.0,-0.19999999999998863
187,1.0,0.0,180.0,0.0,0.0,8.0,30.0,0.0,0.0,4.0,0.0,0.0,150.0,0.0,0.0,0.0,0.0,3.0,0.0,0.0,0.0,0.0,0.0,0.0,0.0,0.0,0.0,0.0,0.0,0.0,0.0,0.0,1.0,3.0,2.0,0.0,0.0,4.0,8.0,3.0,1.0,3.0,2.0,15.0,0.0,0.0,0.0,0.0,0.0,1.0,1.0,0.0,1.0,0.0,0.0,12.0,0.0,0.0,3.0,-14.3,6.0,-10.0,0.0,0.0,0.0,113.0,136.0,1.0,0.0,-0.0799999999999983,1.0,-0.19999999999998863
188,1.0,0.0,180.0,0.0,0.0,8.0,30.0,0.0,0.0,4.0,0.0,0.0,150.0,0.0,0.0,0.0,0.0,3.0,0.0,0.0,0.0,0.0,0.0,0.0,0.0,0.0,0.0,0.0,0.0,0.0,0.0,0.0,1.0,3.0,2.0,0.0,0.0,4.0,8.0,3.0,1.0,3.0,2.0,15.0,0.0,0.0,0.0,0.0,0.0,1.0,1.0,0.0,1.0,0.0,0.0,12.0,0.0,0.0,3.0,-14.3,6.0,-10.0,0.0,0.0,0.0,113.0,136.0,1.0,0.0,-0.0799999999999983,1.0,-0.19999999999998863
189,1.0,0.0,180.0,0.0,0.0,8.0,30.0,0.0,0.0,4.0,0.0,0.0,150.0,0.0,0.0,0.0,0.0,3.0,0.0,0.0,0.0,0.0,0.0,0.0,0.0,0.0,0.0,0.0,0.0,0.0,0.0,0.0,1.0,3.0,2.0,0.0,0.0,4.0,8.0,3.0,1.0,3.0,2.0,15.0,0.0,0.0,0.0,0.0,0.0,1.0,1.0,0.0,1.0,0.0,0.0,12.0,0.0,0.0,3.0,-14.3,6.0,-10.0,0.0,0.0,0.0,113.0,136.0,1.0,0.0,-0.0799999999999983,1.0,-0.19999999999998863
190,1.0,0.0,180.0,0.0,0.0,8.0,30.0,0.0,0.0,4.0,0.0,0.0,150.0,0.0,0.0,0.0,0.0,3.0,0.0,0.0,0.0,0.0,0.0,0.0,0.0,0.0,0.0,0.0,0.0,0.0,0.0,0.0,1.0,3.0,2.0,0.0,0.0,4.0,8.0,3.0,1.0,3.0,2.0,15.0,0.0,0.0,0.0,0.0,0.0,1.0,1.0,0.0,1.0,0.0,0.0,12.0,0.0,0.0,3.0,-14.3,6.0,-10.0,0.0,0.0,0.0,113.0,136.0,1.0,0.0,-0.0799999999999983,1.0,-0.19999999999998863
191,1.0,0.0,180.0,0.0,0.0,8.0,30.0,0.0,0.0,4.0,0.0,0.0,150.0,0.0,0.0,0.0,0.0,3.0,0.0,0.0,0.0,0.0,0.0,0.0,0.0,0.0,0.0,0.0,0.0,0.0,0.0,0.0,1.0,3.0,2.0,0.0,0.0,4.0,8.0,3.0,1.0,3.0,2.0,15.0,0.0,0.0,0.0,0.0,0.0,1.0,1.0,0.0,1.0,0.0,0.0,12.0,0.0,0.0,3.0,-14.3,6.0,-10.0,0.0,0.0,0.0,113.0,136.0,1.0,0.0,-0.0799999999999983,1.0,-0.19999999999998863
192,1.0,0.0,180.0,0.0,0.0,8.0,30.0,0.0,0.0,4.0,0.0,0.0,150.0,0.0,0.0,0.0,0.0,3.0,0.0,0.0,0.0,0.0,0.0,0.0,0.0,0.0,0.0,0.0,0.0,0.0,0.0,0.0,1.0,3.0,2.0,0.0,0.0,4.0,8.0,3.0,1.0,3.0,2.0,15.0,0.0,0.0,0.0,0.0,0.0,1.0,1.0,0.0,1.0,0.0,0.0,12.0,0.0,0.0,3.0,-14.3,6.0,-10.0,0.0,0.0,0.0,113.0,136.0,1.0,0.0,-0.0799999999999983,1.0,-0.19999999999998863
193,1.0,0.0,180.0,0.0,0.0,8.0,30.0,0.0,0.0,4.0,0.0,0.0,150.0,0.0,0.0,0.0,0.0,3.0,0.0,0.0,0.0,0.0,0.0,0.0,0.0,0.0,0.0,0.0,0.0,0.0,0.0,0.0,1.0,3.0,2.0,0.0,0.0,4.0,8.0,3.0,1.0,3.0,2.0,15.0,0.0,0.0,0.0,0.0,0.0,1.0,1.0,0.0,1.0,0.0,0.0,12.0,0.0,0.0,3.0,-14.3,6.0,-10.0,0.0,0.0,0.0,113.0,136.0,1.0,0.0,-0.0799999999999983,1.0,-0.19999999999998863
194,1.0,0.0,180.0,0.0,0.0,8.0,30.0,0.0,0.0,4.0,0.0,0.0,150.0,0.0,0.0,0.0,0.0,3.0,0.0,0.0,0.0,0.0,0.0,0.0,0.0,0.0,0.0,0.0,0.0,0.0,0.0,0.0,1.0,3.0,2.0,0.0,0.0,4.0,8.0,3.0,1.0,3.0,2.0,15.0,0.0,0.0,0.0,0.0,0.0,1.0,1.0,0.0,1.0,0.0,0.0,12.0,0.0,0.0,3.0,-14.3,6.0,-10.0,0.0,0.0,0.0,113.0,136.0,1.0,0.0,-0.0799999999999983,1.0,-0.19999999999998863
195,1.0,0.0,180.0,0.0,0.0,8.0,30.0,0.0,0.0,4.0,0.0,0.0,150.0,0.0,0.0,0.0,0.0,3.0,0.0,0.0,0.0,0.0,0.0,0.0,0.0,0.0,0.0,0.0,0.0,0.0,0.0,0.0,1.0,3.0,2.0,0.0,0.0,4.0,8.0,3.0,1.0,3.0,2.0,15.0,0.0,0.0,0.0,0.0,0.0,1.0,1.0,0.0,1.0,0.0,0.0,12.0,0.0,0.0,3.0,-14.3,6.0,-10.0,0.0,0.0,0.0,113.0,136.0,1.0,0.0,-0.0799999999999983,1.0,-0.19999999999998863
196,1.0,0.0,180.0,0.0,0.0,8.0,30.0,0.0,0.0,4.0,0.0,0.0,150.0,0.0,0.0,0.0,0.0,3.0,0.0,0.0,0.0,0.0,0.0,0.0,0.0,0.0,0.0,0.0,0.0,0.0,0.0,0.0,1.0,3.0,2.0,0.0,0.0,4.0,8.0,3.0,1.0,3.0,2.0,15.0,0.0,0.0,0.0,0.0,0.0,1.0,1.0,0.0,1.0,0.0,0.0,12.0,0.0,0.0,3.0,-14.3,6.0,-10.0,0.0,0.0,0.0,113.0,136.0,1.0,0.0,-0.0799999999999983,1.0,-0.19999999999998863
197,1.0,0.0,180.0,0.0,0.0,8.0,30.0,0.0,0.0,4.0,0.0,0.0,150.0,0.0,0.0,0.0,0.0,3.0,0.0,0.0,0.0,0.0,0.0,0.0,0.0,0.0,0.0,0.0,0.0,0.0,0.0,0.0,1.0,3.0,2.0,0.0,0.0,4.0,8.0,3.0,1.0,3.0,2.0,15.0,0.0,0.0,0.0,0.0,0.0,1.0,1.0,0.0,1.0,0.0,0.0,12.0,0.0,0.0,3.0,-14.3,6.0,-10.0,0.0,0.0,0.0,113.0,136.0,1.0,0.0,-0.0799999999999983,1.0,-0.19999999999998863
198,1.0,0.0,180.0,0.0,0.0,8.0,30.0,0.0,0.0,4.0,0.0,0.0,150.0,0.0,0.0,0.0,0.0,3.0,0.0,0.0,0.0,0.0,0.0,0.0,0.0,0.0,0.0,0.0,0.0,0.0,0.0,0.0,1.0,3.0,2.0,0.0,0.0,4.0,8.0,3.0,1.0,3.0,2.0,15.0,0.0,0.0,0.0,0.0,0.0,1.0,1.0,0.0,1.0,0.0,0.0,12.0,0.0,0.0,3.0,-14.3,6.0,-10.0,0.0,0.0,0.0,113.0,136.0,1.0,0.0,-0.0799999999999983,1.0,-0.19999999999998863
199,1.0,0.0,180.0,0.0,0.0,8.0,30.0,0.0,0.0,4.0,0.0,0.0,150.0,0.0,0.0,0.0,0.0,3.0,0.0,0.0,0.0,0.0,0.0,0.0,0.0,0.0,0.0,0.0,0.0,0.0,0.0,0.0,1.0,3.0,2.0,0.0,0.0,4.0,8.0,3.0,1.0,3.0,2.0,15.0,0.0,0.0,0.0,0.0,0.0,1.0,1.0,0.0,1.0,0.0,0.0,12.0,0.0,0.0,3.0,-14.3,6.0,-10.0,0.0,0.0,0.0,113.0,136.0,1.0,0.0,-0.0799999999999983,1.0,-0.19999999999998863
200,1.0,0.0,180.0,0.0,0.0,8.0,30.0,0.0,0.0,4.0,0.0,0.0,150.0,0.0,0.0,0.0,0.0,3.0,0.0,0.0,0.0,0.0,0.0,0.0,0.0,0.0,0.0,0.0,0.0,0.0,0.0,0.0,1.0,3.0,2.0,0.0,0.0,4.0,8.0,3.0,1.0,3.0,2.0,15.0,0.0,0.0,0.0,0.0,0.0,1.0,1.0,0.0,1.0,0.0,0.0,12.0,0.0,0.0,3.0,-14.3,6.0,-10.0,0.0,0.0,0.0,113.0,136.0,1.0,0.0,-0.0799999999999983,1.0,-0.19999999999998863
201,1.0,0.0,180.0,0.0,0.0,8.0,30.0,0.0,0.0,4.0,0.0,0.0,150.0,0.0,0.0,0.0,0.0,3.0,0.0,0.0,0.0,0.0,0.0,0.0,0.0,0.0,0.0,0.0,0.0,0.0,0.0,0.0,1.0,3.0,2.0,0.0,0.0,4.0,8.0,3.0,1.0,3.0,2.0,15.0,0.0,0.0,0.0,0.0,0.0,1.0,1.0,0.0,1.0,0.0,0.0,12.0,0.0,0.0,3.0,-14.3,6.0,-10.0,0.0,0.0,0.0,113.0,136.0,1.0,0.0,-0.0799999999999983,1.0,-0.19999999999998863
202,1.0,0.0,180.0,0.0,0.0,8.0,30.0,0.0,0.0,4.0,0.0,0.0,150.0,0.0,0.0,0.0,0.0,3.0,0.0,0.0,0.0,0.0,0.0,0.0,0.0,0.0,0.0,0.0,0.0,0.0,0.0,0.0,1.0,3.0,2.0,0.0,0.0,4.0,8.0,3.0,1.0,3.0,2.0,15.0,0.0,0.0,0.0,0.0,0.0,1.0,1.0,0.0,1.0,0.0,0.0,12.0,0.0,0.0,3.0,-14.3,6.0,-10.0,0.0,0.0,0.0,113.0,136.0,1.0,0.0,-0.0799999999999983,1.0,-0.19999999999998863
203,1.0,0.0,180.0,0.0,0.0,8.0,30.0,0.0,0.0,4.0,0.0,0.0,150.0,0.0,0.0,0.0,0.0,3.0,0.0,0.0,0.0,0.0,0.0,0.0,0.0,0.0,0.0,0.0,0.0,0.0,0.0,0.0,1.0,3.0,2.0,0.0,0.0,4.0,8.0,3.0,1.0,3.0,2.0,15.0,0.0,0.0,0.0,0.0,0.0,1.0,1.0,0.0,1.0,0.0,0.0,12.0,0.0,0.0,3.0,-14.3,6.0,-10.0,0.0,0.0,0.0,113.0,136.0,1.0,0.0,-0.0799999999999983,1.0,-0.19999999999998863
204,1.0,0.0,180.0,0.0,0.0,8.0,30.0,0.0,0.0,4.0,0.0,0.0,150.0,0.0,0.0,0.0,0.0,3.0,0.0,0.0,0.0,0.0,0.0,0.0,0.0,0.0,0.0,0.0,0.0,0.0,0.0,0.0,1.0,3.0,2.0,0.0,0.0,4.0,8.0,3.0,1.0,3.0,2.0,15.0,0.0,0.0,0.0,0.0,0.0,1.0,1.0,0.0,1.0,0.0,0.0,12.0,0.0,0.0,3.0,-14.3,6.0,-10.0,0.0,0.0,0.0,113.0,136.0,1.0,0.0,-0.0799999999999983,1.0,-0.19999999999998863
205,1.0,0.0,180.0,0.0,0.0,8.0,30.0,0.0,0.0,4.0,0.0,0.0,150.0,0.0,0.0,0.0,0.0,3.0,0.0,0.0,0.0,0.0,0.0,0.0,0.0,0.0,0.0,0.0,0.0,0.0,0.0,0.0,1.0,3.0,2.0,0.0,0.0,4.0,8.0,3.0,1.0,3.0,2.0,15.0,0.0,0.0,0.0,0.0,0.0,1.0,1.0,0.0,1.0,0.0,0.0,12.0,0.0,0.0,3.0,-14.3,6.0,-10.0,0.0,0.0,0.0,113.0,136.0,1.0,0.0,-0.0799999999999983,1.0,-0.19999999999998863
206,1.0,0.0,180.0,0.0,0.0,8.0,30.0,0.0,0.0,4.0,0.0,0.0,150.0,0.0,0.0,0.0,0.0,3.0,0.0,0.0,0.0,0.0,0.0,0.0,0.0,0.0,0.0,0.0,0.0,0.0,0.0,0.0,1.0,3.0,2.0,0.0,0.0,4.0,8.0,3.0,1.0,3.0,2.0,15.0,0.0,0.0,0.0,0.0,0.0,1.0,1.0,0.0,1.0,0.0,0.0,12.0,0.0,0.0,3.0,-14.3,6.0,-10.0,0.0,0.0,0.0,113.0,136.0,1.0,0.0,-0.0799999999999983,1.0,-0.19999999999998863
207,1.0,0.0,180.0,0.0,0.0,8.0,30.0,0.0,0.0,4.0,0.0,0.0,150.0,0.0,0.0,0.0,0.0,3.0,0.0,0.0,0.0,0.0,0.0,0.0,0.0,0.0,0.0,0.0,0.0,0.0,0.0,0.0,1.0,3.0,2.0,0.0,0.0,4.0,8.0,3.0,1.0,3.0,2.0,15.0,0.0,0.0,0.0,0.0,0.0,1.0,1.0,0.0,1.0,0.0,0.0,12.0,0.0,0.0,3.0,-14.3,6.0,-10.0,0.0,0.0,0.0,113.0,136.0,1.0,0.0,-0.0799999999999983,1.0,-0.19999999999998863
208,1.0,0.0,180.0,0.0,0.0,8.0,30.0,0.0,0.0,4.0,0.0,0.0,150.0,0.0,0.0,0.0,0.0,3.0,0.0,0.0,0.0,0.0,0.0,0.0,0.0,0.0,0.0,0.0,0.0,0.0,0.0,0.0,1.0,3.0,2.0,0.0,0.0,4.0,8.0,3.0,1.0,3.0,2.0,15.0,0.0,0.0,0.0,0.0,0.0,1.0,1.0,0.0,1.0,0.0,0.0,12.0,0.0,0.0,3.0,-14.3,6.0,-10.0,0.0,0.0,0.0,113.0,136.0,1.0,0.0,-0.0799999999999983,1.0,-0.19999999999998863
209,1.0,0.0,180.0,0.0,0.0,8.0,30.0,0.0,0.0,4.0,0.0,0.0,150.0,0.0,0.0,0.0,0.0,3.0,0.0,0.0,0.0,0.0,0.0,0.0,0.0,0.0,0.0,0.0,0.0,0.0,0.0,0.0,1.0,3.0,2.0,0.0,0.0,4.0,8.0,3.0,1.0,3.0,2.0,15.0,0.0,0.0,0.0,0.0,0.0,1.0,1.0,0.0,1.0,0.0,0.0,12.0,0.0,0.0,3.0,-14.3,6.0,-10.0,0.0,0.0,0.0,113.0,136.0,1.0,0.0,-0.0799999999999983,1.0,-0.19999999999998863
210,1.0,0.0,180.0,0.0,0.0,8.0,30.0,0.0,0.0,4.0,0.0,0.0,150.0,0.0,0.0,0.0,0.0,3.0,0.0,0.0,0.0,0.0,0.0,0.0,0.0,0.0,0.0,0.0,0.0,0.0,0.0,0.0,1.0,3.0,2.0,0.0,0.0,4.0,8.0,3.0,1.0,3.0,2.0,15.0,0.0,0.0,0.0,0.0,0.0,1.0,1.0,0.0,1.0,0.0,0.0,12.0,0.0,0.0,3.0,-14.3,6.0,-10.0,0.0,0.0,0.0,113.0,136.0,1.0,0.0,-0.0799999999999983,1.0,-0.19999999999998863
211,1.0,0.0,180.0,0.0,0.0,8.0,30.0,0.0,0.0,4.0,0.0,0.0,150.0,0.0,0.0,0.0,0.0,3.0,0.0,0.0,0.0,0.0,0.0,0.0,0.0,0.0,0.0,0.0,0.0,0.0,0.0,0.0,1.0,3.0,2.0,0.0,0.0,4.0,8.0,3.0,1.0,3.0,2.0,15.0,0.0,0.0,0.0,0.0,0.0,1.0,1.0,0.0,1.0,0.0,0.0,12.0,0.0,0.0,3.0,-14.3,6.0,-10.0,0.0,0.0,0.0,113.0,136.0,1.0,0.0,-0.0799999999999983,1.0,-0.19999999999998863
212,1.0,0.0,180.0,0.0,0.0,8.0,30.0,0.0,0.0,4.0,0.0,0.0,150.0,0.0,0.0,0.0,0.0,3.0,0.0,0.0,0.0,0.0,0.0,0.0,0.0,0.0,0.0,0.0,0.0,0.0,0.0,0.0,1.0,3.0,2.0,0.0,0.0,4.0,8.0,3.0,1.0,3.0,2.0,15.0,0.0,0.0,0.0,0.0,0.0,1.0,1.0,0.0,1.0,0.0,0.0,12.0,0.0,0.0,3.0,-14.3,6.0,-10.0,0.0,0.0,0.0,113.0,136.0,1.0,0.0,-0.0799999999999983,1.0,-0.19999999999998863
213,1.0,0.0,180.0,0.0,0.0,8.0,30.0,0.0,0.0,4.0,0.0,0.0,150.0,0.0,0.0,0.0,0.0,3.0,0.0,0.0,0.0,0.0,0.0,0.0,0.0,0.0,0.0,0.0,0.0,0.0,0.0,0.0,1.0,3.0,2.0,0.0,0.0,4.0,8.0,3.0,1.0,3.0,2.0,15.0,0.0,0.0,0.0,0.0,0.0,1.0,1.0,0.0,1.0,0.0,0.0,12.0,0.0,0.0,3.0,-14.3,6.0,-10.0,0.0,0.0,0.0,113.0,136.0,1.0,0.0,-0.0799999999999983,1.0,-0.19999999999998863
214,1.0,0.0,180.0,0.0,0.0,8.0,30.0,0.0,0.0,4.0,0.0,0.0,150.0,0.0,0.0,0.0,0.0,3.0,0.0,0.0,0.0,0.0,0.0,0.0,0.0,0.0,0.0,0.0,0.0,0.0,0.0,0.0,1.0,3.0,2.0,0.0,0.0,4.0,8.0,3.0,1.0,3.0,2.0,15.0,0.0,0.0,0.0,0.0,0.0,1.0,1.0,0.0,1.0,0.0,0.0,12.0,0.0,0.0,3.0,-14.3,6.0,-10.0,0.0,0.0,0.0,113.0,136.0,1.0,0.0,-0.0799999999999983,1.0,-0.19999999999998863
215,1.0,0.0,180.0,0.0,0.0,8.0,30.0,0.0,0.0,4.0,0.0,0.0,150.0,0.0,0.0,0.0,0.0,3.0,0.0,0.0,0.0,0.0,0.0,0.0,0.0,0.0,0.0,0.0,0.0,0.0,0.0,0.0,1.0,3.0,2.0,0.0,0.0,4.0,8.0,3.0,1.0,3.0,2.0,15.0,0.0,0.0,0.0,0.0,0.0,1.0,1.0,0.0,1.0,0.0,0.0,12.0,0.0,0.0,3.0,-14.3,6.0,-10.0,0.0,0.0,0.0,113.0,136.0,1.0,0.0,-0.0799999999999983,1.0,-0.19999999999998863
216,1.0,0.0,180.0,0.0,0.0,8.0,30.0,0.0,0.0,4.0,0.0,0.0,150.0,0.0,0.0,0.0,0.0,3.0,0.0,0.0,0.0,0.0,0.0,0.0,0.0,0.0,0.0,0.0,0.0,0.0,0.0,0.0,1.0,3.0,2.0,0.0,0.0,4.0,8.0,3.0,1.0,3.0,2.0,15.0,0.0,0.0,0.0,0.0,0.0,1.0,1.0,0.0,1.0,0.0,0.0,12.0,0.0,0.0,3.0,-14.3,6.0,-10.0,0.0,0.0,0.0,113.0,136.0,1.0,0.0,-0.0799999999999983,1.0,-0.19999999999998863
217,1.0,0.0,180.0,0.0,0.0,8.0,30.0,0.0,0.0,4.0,0.0,0.0,150.0,0.0,0.0,0.0,0.0,3.0,0.0,0.0,0.0,0.0,0.0,0.0,0.0,0.0,0.0,0.0,0.0,0.0,0.0,0.0,1.0,3.0,2.0,0.0,0.0,4.0,8.0,3.0,1.0,3.0,2.0,15.0,0.0,0.0,0.0,0.0,0.0,1.0,1.0,0.0,1.0,0.0,0.0,12.0,0.0,0.0,3.0,-14.3,6.0,-10.0,0.0,0.0,0.0,113.0,136.0,1.0,0.0,-0.0799999999999983,1.0,-0.19999999999998863
218,1.0,0.0,180.0,0.0,0.0,8.0,30.0,0.0,0.0,4.0,0.0,0.0,150.0,0.0,0.0,0.0,0.0,3.0,0.0,0.0,0.0,0.0,0.0,0.0,0.0,0.0,0.0,0.0,0.0,0.0,0.0,0.0,1.0,3.0,2.0,0.0,0.0,4.0,8.0,3.0,1.0,3.0,2.0,15.0,0.0,0.0,0.0,0.0,0.0,1.0,1.0,0.0,1.0,0.0,0.0,12.0,0.0,0.0,3.0,-14.3,6.0,-10.0,0.0,0.0,0.0,113.0,136.0,1.0,0.0,-0.0799999999999983,1.0,-0.19999999999998863
219,1.0,0.0,180.0,0.0,0.0,8.0,30.0,0.0,0.0,4.0,0.0,0.0,150.0,0.0,0.0,0.0,0.0,3.0,0.0,0.0,0.0,0.0,0.0,0.0,0.0,0.0,0.0,0.0,0.0,0.0,0.0,0.0,1.0,3.0,2.0,0.0,0.0,4.0,8.0,3.0,1.0,3.0,2.0,15.0,0.0,0.0,0.0,0.0,0.0,1.0,1.0,0.0,1.0,0.0,0.0,12.0,0.0,0.0,3.0,-14.3,6.0,-10.0,0.0,0.0,0.0,113.0,136.0,1.0,0.0,-0.0799999999999983,1.0,-0.19999999999998863
220,1.0,0.0,180.0,0.0,0.0,8.0,30.0,0.0,0.0,4.0,0.0,0.0,150.0,0.0,0.0,0.0,0.0,3.0,0.0,0.0,0.0,0.0,0.0,0.0,0.0,0.0,0.0,0.0,0.0,0.0,0.0,0.0,1.0,3.0,2.0,0.0,0.0,4.0,8.0,3.0,1.0,3.0,2.0,15.0,0.0,0.0,0.0,0.0,0.0,1.0,1.0,0.0,1.0,0.0,0.0,12.0,0.0,0.0,3.0,-14.3,6.0,-10.0,0.0,0.0,0.0,113.0,136.0,1.0,0.0,-0.0799999999999983,1.0,-0.19999999999998863
221,1.0,0.0,180.0,0.0,0.0,8.0,30.0,0.0,0.0,4.0,0.0,0.0,150.0,0.0,0.0,0.0,0.0,3.0,0.0,0.0,0.0,0.0,0.0,0.0,0.0,0.0,0.0,0.0,0.0,0.0,0.0,0.0,1.0,3.0,2.0,0.0,0.0,4.0,8.0,3.0,1.0,3.0,2.0,15.0,0.0,0.0,0.0,0.0,0.0,1.0,1.0,0.0,1.0,0.0,0.0,12.0,0.0,0.0,3.0,-14.3,6.0,-10.0,0.0,0.0,0.0,113.0,136.0,1.0,0.0,-0.0799999999999983,1.0,-0.19999999999998863
222,1.0,0.0,180.0,0.0,0.0,8.0,30.0,0.0,0.0,4.0,0.0,0.0,150.0,0.0,0.0,0.0,0.0,3.0,0.0,0.0,0.0,0.0,0.0,0.0,0.0,0.0,0.0,0.0,0.0,0.0,0.0,0.0,1.0,3.0,2.0,0.0,0.0,4.0,8.0,3.0,1.0,3.0,2.0,15.0,0.0,0.0,0.0,0.0,0.0,1.0,1.0,0.0,1.0,0.0,0.0,12.0,0.0,0.0,3.0,-14.3,6.0,-10.0,0.0,0.0,0.0,113.0,136.0,1.0,0.0,-0.0799999999999983,1.0,-0.19999999999998863
223,1.0,0.0,180.0,0.0,0.0,8.0,30.0,0.0,0.0,4.0,0.0,0.0,150.0,0.0,0.0,0.0,0.0,3.0,0.0,0.0,0.0,0.0,0.0,0.0,0.0,0.0,0.0,0.0,0.0,0.0,0.0,0.0,1.0,3.0,2.0,0.0,0.0,4.0,8.0,3.0,1.0,3.0,2.0,15.0,0.0,0.0,0.0,0.0,0.0,1.0,1.0,0.0,1.0,0.0,0.0,12.0,0.0,0.0,3.0,-14.3,6.0,-10.0,0.0,0.0,0.0,113.0,136.0,1.0,0.0,-0.0799999999999983,1.0,-0.19999999999998863
224,1.0,0.0,180.0,0.0,0.0,8.0,30.0,0.0,0.0,4.0,0.0,0.0,150.0,0.0,0.0,0.0,0.0,3.0,0.0,0.0,0.0,0.0,0.0,0.0,0.0,0.0,0.0,0.0,0.0,0.0,0.0,0.0,1.0,3.0,2.0,0.0,0.0,4.0,8.0,3.0,1.0,3.0,2.0,15.0,0.0,0.0,0.0,0.0,0.0,1.0,1.0,0.0,1.0,0.0,0.0,12.0,0.0,0.0,3.0,-14.3,6.0,-10.0,0.0,0.0,0.0,113.0,136.0,1.0,0.0,-0.0799999999999983,1.0,-0.19999999999998863
225,1.0,0.0,180.0,0.0,0.0,8.0,30.0,0.0,0.0,4.0,0.0,0.0,150.0,0.0,0.0,0.0,0.0,3.0,0.0,0.0,0.0,0.0,0.0,0.0,0.0,0.0,0.0,0.0,0.0,0.0,0.0,0.0,1.0,3.0,2.0,0.0,0.0,4.0,8.0,3.0,1.0,3.0,2.0,15.0,0.0,0.0,0.0,0.0,0.0,1.0,1.0,0.0,1.0,0.0,0.0,12.0,0.0,0.0,3.0,-14.3,6.0,-10.0,0.0,0.0,0.0,113.0,136.0,1.0,0.0,-0.0799999999999983,1.0,-0.19999999999998863
226,1.0,0.0,180.0,0.0,0.0,8.0,30.0,0.0,0.0,4.0,0.0,0.0,150.0,0.0,0.0,0.0,0.0,3.0,0.0,0.0,0.0,0.0,0.0,0.0,0.0,0.0,0.0,0.0,0.0,0.0,0.0,0.0,1.0,3.0,2.0,0.0,0.0,4.0,8.0,3.0,1.0,3.0,2.0,15.0,0.0,0.0,0.0,0.0,0.0,1.0,1.0,0.0,1.0,0.0,0.0,12.0,0.0,0.0,3.0,-14.3,6.0,-10.0,0.0,0.0,0.0,113.0,136.0,1.0,0.0,-0.0799999999999983,1.0,-0.19999999999998863
227,1.0,0.0,180.0,0.0,0.0,8.0,30.0,0.0,0.0,4.0,0.0,0.0,150.0,0.0,0.0,0.0,0.0,3.0,0.0,0.0,0.0,0.0,0.0,0.0,0.0,0.0,0.0,0.0,0.0,0.0,0.0,0.0,1.0,3.0,2.0,0.0,0.0,4.0,8.0,3.0,1.0,3.0,2.0,15.0,0.0,0.0,0.0,0.0,0.0,1.0,1.0,0.0,1.0,0.0,0.0,12.0,0.0,0.0,3.0,-14.3,6.0,-10.0,0.0,0.0,0.0,113.0,136.0,1.0,0.0,-0.0799999999999983,1.0,-0.19999999999998863
228,1.0,0.0,180.0,0.0,0.0,8.0,30.0,0.0,0.0,4.0,0.0,0.0,150.0,0.0,0.0,0.0,0.0,3.0,0.0,0.0,0.0,0.0,0.0,0.0,0.0,0.0,0.0,0.0,0.0,0.0,0.0,0.0,1.0,3.0,2.0,0.0,0.0,4.0,8.0,3.0,1.0,3.0,2.0,15.0,0.0,0.0,0.0,0.0,0.0,1.0,1.0,0.0,1.0,0.0,0.0,12.0,0.0,0.0,3.0,-14.3,6.0,-10.0,0.0,0.0,0.0,113.0,136.0,1.0,0.0,-0.0799999999999983,1.0,-0.19999999999998863
229,1.0,0.0,180.0,0.0,0.0,8.0,30.0,0.0,0.0,4.0,0.0,0.0,150.0,0.0,0.0,0.0,0.0,3.0,0.0,0.0,0.0,0.0,0.0,0.0,0.0,0.0,0.0,0.0,0.0,0.0,0.0,0.0,1.0,3.0,2.0,0.0,0.0,4.0,8.0,3.0,1.0,3.0,2.0,15.0,0.0,0.0,0.0,0.0,0.0,1.0,1.0,0.0,1.0,0.0,0.0,12.0,0.0,0.0,3.0,-14.3,6.0,-10.0,0.0,0.0,0.0,113.0,136.0,1.0,0.0,-0.0799999999999983,1.0,-0.19999999999998863
230,1.0,0.0,180.0,0.0,0.0,8.0,30.0,0.0,0.0,4.0,0.0,0.0,150.0,0.0,0.0,0.0,0.0,3.0,0.0,0.0,0.0,0.0,0.0,0.0,0.0,0.0,0.0,0.0,0.0,0.0,0.0,0.0,1.0,3.0,2.0,0.0,0.0,4.0,8.0,3.0,1.0,3.0,2.0,15.0,0.0,0.0,0.0,0.0,0.0,1.0,1.0,0.0,1.0,0.0,0.0,12.0,0.0,0.0,3.0,-14.3,6.0,-10.0,0.0,0.0,0.0,113.0,136.0,1.0,0.0,-0.0799999999999983,1.0,-0.19999999999998863
231,1.0,0.0,180.0,0.0,0.0,8.0,30.0,0.0,0.0,4.0,0.0,0.0,150.0,0.0,0.0,0.0,0.0,3.0,0.0,0.0,0.0,0.0,0.0,0.0,0.0,0.0,0.0,0.0,0.0,0.0,0.0,0.0,1.0,3.0,2.0,0.0,0.0,4.0,8.0,3.0,1.0,3.0,2.0,15.0,0.0,0.0,0.0,0.0,0.0,1.0,1.0,0.0,1.0,0.0,0.0,12.0,0.0,0.0,3.0,-14.3,6.0,-10.0,0.0,0.0,0.0,113.0,136.0,1.0,0.0,-0.0799999999999983,1.0,-0.19999999999998863
232,1.0,0.0,180.0,0.0,0.0,8.0,30.0,0.0,0.0,4.0,0.0,0.0,150.0,0.0,0.0,0.0,0.0,3.0,0.0,0.0,0.0,0.0,0.0,0.0,0.0,0.0,0.0,0.0,0.0,0.0,0.0,0.0,1.0,3.0,2.0,0.0,0.0,4.0,8.0,3.0,1.0,3.0,2.0,15.0,0.0,0.0,0.0,0.0,0.0,1.0,1.0,0.0,1.0,0.0,0.0,12.0,0.0,0.0,3.0,-14.3,6.0,-10.0,0.0,0.0,0.0,113.0,136.0,1.0,0.0,-0.0799999999999983,1.0,-0.19999999999998863
233,1.0,0.0,180.0,0.0,0.0,8.0,30.0,0.0,0.0,4.0,0.0,0.0,150.0,0.0,0.0,0.0,0.0,3.0,0.0,0.0,0.0,0.0,0.0,0.0,0.0,0.0,0.0,0.0,0.0,0.0,0.0,0.0,1.0,3.0,2.0,0.0,0.0,4.0,8.0,3.0,1.0,3.0,2.0,15.0,0.0,0.0,0.0,0.0,0.0,1.0,1.0,0.0,1.0,0.0,0.0,12.0,0.0,0.0,3.0,-14.3,6.0,-10.0,0.0,0.0,0.0,113.0,136.0,1.0,0.0,-0.0799999999999983,1.0,-0.19999999999998863
234,1.0,0.0,180.0,0.0,0.0,8.0,30.0,0.0,0.0,4.0,0.0,0.0,150.0,0.0,0.0,0.0,0.0,3.0,0.0,0.0,0.0,0.0,0.0,0.0,0.0,0.0,0.0,0.0,0.0,0.0,0.0,0.0,1.0,3.0,2.0,0.0,0.0,4.0,8.0,3.0,1.0,3.0,2.0,15.0,0.0,0.0,0.0,0.0,0.0,1.0,1.0,0.0,1.0,0.0,0.0,12.0,0.0,0.0,3.0,-14.3,6.0,-10.0,0.0,0.0,0.0,113.0,136.0,1.0,0.0,-0.0799999999999983,1.0,-0.19999999999998863
235,1.0,0.0,180.0,0.0,0.0,8.0,30.0,0.0,0.0,4.0,0.0,0.0,150.0,0.0,0.0,0.0,0.0,3.0,0.0,0.0,0.0,0.0,0.0,0.0,0.0,0.0,0.0,0.0,0.0,0.0,0.0,0.0,1.0,3.0,2.0,0.0,0.0,4.0,8.0,3.0,1.0,3.0,2.0,15.0,0.0,0.0,0.0,0.0,0.0,1.0,1.0,0.0,1.0,0.0,0.0,12.0,0.0,0.0,3.0,-14.3,6.0,-10.0,0.0,0.0,0.0,113.0,136.0,1.0,0.0,-0.0799999999999983,1.0,-0.19999999999998863
236,1.0,0.0,180.0,0.0,0.0,8.0,30.0,0.0,0.0,4.0,0.0,0.0,150.0,0.0,0.0,0.0,0.0,3.0,0.0,0.0,0.0,0.0,0.0,0.0,0.0,0.0,0.0,0.0,0.0,0.0,0.0,0.0,1.0,3.0,2.0,0.0,0.0,4.0,8.0,3.0,1.0,3.0,2.0,15.0,0.0,0.0,0.0,0.0,0.0,1.0,1.0,0.0,1.0,0.0,0.0,12.0,0.0,0.0,3.0,-14.3,6.0,-10.0,0.0,0.0,0.0,113.0,136.0,1.0,0.0,-0.0799999999999983,1.0,-0.19999999999998863
237,1.0,0.0,180.0,0.0,0.0,8.0,30.0,0.0,0.0,4.0,0.0,0.0,150.0,0.0,0.0,0.0,0.0,3.0,0.0,0.0,0.0,0.0,0.0,0.0,0.0,0.0,0.0,0.0,0.0,0.0,0.0,0.0,1.0,3.0,2.0,0.0,0.0,4.0,8.0,3.0,1.0,3.0,2.0,15.0,0.0,0.0,0.0,0.0,0.0,1.0,1.0,0.0,1.0,0.0,0.0,12.0,0.0,0.0,3.0,-14.3,6.0,-10.0,0.0,0.0,0.0,113.0,136.0,1.0,0.0,-0.0799999999999983,1.0,-0.19999999999998863
238,1.0,0.0,180.0,0.0,0.0,8.0,30.0,0.0,0.0,4.0,0.0,0.0,150.0,0.0,0.0,0.0,0.0,3.0,0.0,0.0,0.0,0.0,0.0,0.0,0.0,0.0,0.0,0.0,0.0,0.0,0.0,0.0,1.0,3.0,2.0,0.0,0.0,4.0,8.0,3.0,1.0,3.0,2.0,15.0,0.0,0.0,0.0,0.0,0.0,1.0,1.0,0.0,1.0,0.0,0.0,12.0,0.0,0.0,3.0,-14.3,6.0,-10.0,0.0,0.0,0.0,113.0,136.0,1.0,0.0,-0.0799999999999983,1.0,-0.19999999999998863
239,1.0,0.0,180.0,0.0,0.0,8.0,30.0,0.0,0.0,4.0,0.0,0.0,150.0,0.0,0.0,0.0,0.0,3.0,0.0,0.0,0.0,0.0,0.0,0.0,0.0,0.0,0.0,0.0,0.0,0.0,0.0,0.0,1.0,3.0,2.0,0.0,0.0,4.0,8.0,3.0,1.0,3.0,2.0,15.0,0.0,0.0,0.0,0.0,0.0,1.0,1.0,0.0,1.0,0.0,0.0,12.0,0.0,0.0,3.0,-14.3,6.0,-10.0,0.0,0.0,0.0,113.0,136.0,1.0,0.0,-0.0799999999999983,1.0,-0.19999999999998863
240,1.0,0.0,180.0,0.0,0.0,8.0,30.0,0.0,0.0,4.0,0.0,0.0,150.0,0.0,0.0,0.0,0.0,3.0,0.0,0.0,0.0,0.0,0.0,0.0,0.0,0.0,0.0,0.0,0.0,0.0,0.0,0.0,1.0,3.0,2.0,0.0,0.0,4.0,8.0,3.0,1.0,3.0,2.0,15.0,0.0,0.0,0.0,0.0,0.0,1.0,1.0,0.0,1.0,0.0,0.0,12.0,0.0,0.0,3.0,-14.3,6.0,-10.0,0.0,0.0,0.0,113.0,136.0,1.0,0.0,-0.0799999999999983,1.0,-0.19999999999998863
241,1.0,0.0,180.0,0.0,0.0,8.0,30.0,0.0,0.0,4.0,0.0,0.0,150.0,0.0,0.0,0.0,0.0,3.0,0.0,0.0,0.0,0.0,0.0,0.0,0.0,0.0,0.0,0.0,0.0,0.0,0.0,0.0,1.0,3.0,2.0,0.0,0.0,4.0,8.0,3.0,1.0,3.0,2.0,15.0,0.0,0.0,0.0,0.0,0.0,1.0,1.0,0.0,1.0,0.0,0.0,12.0,0.0,0.0,3.0,-14.3,6.0,-10.0,0.0,0.0,0.0,113.0,136.0,1.0,0.0,-0.0799999999999983,1.0,-0.19999999999998863
242,1.0,0.0,180.0,0.0,0.0,8.0,30.0,0.0,0.0,4.0,0.0,0.0,150.0,0.0,0.0,0.0,0.0,3.0,0.0,0.0,0.0,0.0,0.0,0.0,0.0,0.0,0.0,0.0,0.0,0.0,0.0,0.0,1.0,3.0,2.0,0.0,0.0,4.0,8.0,3.0,1.0,3.0,2.0,15.0,0.0,0.0,0.0,0.0,0.0,1.0,1.0,0.0,1.0,0.0,0.0,12.0,0.0,0.0,3.0,-14.3,6.0,-10.0,0.0,0.0,0.0,113.0,136.0,1.0,0.0,-0.0799999999999983,1.0,-0.19999999999998863
243,1.0,0.0,180.0,0.0,0.0,8.0,30.0,0.0,0.0,4.0,0.0,0.0,150.0,0.0,0.0,0.0,0.0,3.0,0.0,0.0,0.0,0.0,0.0,0.0,0.0,0.0,0.0,0.0,0.0,0.0,0.0,0.0,1.0,3.0,2.0,0.0,0.0,4.0,8.0,3.0,1.0,3.0,2.0,15.0,0.0,0.0,0.0,0.0,0.0,1.0,1.0,0.0,1.0,0.0,0.0,12.0,0.0,0.0,3.0,-14.3,6.0,-10.0,0.0,0.0,0.0,113.0,136.0,1.0,0.0,-0.0799999999999983,1.0,-0.19999999999998863
244,1.0,0.0,180.0,0.0,0.0,8.0,30.0,0.0,0.0,4.0,0.0,0.0,150.0,0.0,0.0,0.0,0.0,3.0,0.0,0.0,0.0,0.0,0.0,0.0,0.0,0.0,0.0,0.0,0.0,0.0,0.0,0.0,1.0,3.0,2.0,0.0,0.0,4.0,8.0,3.0,1.0,3.0,2.0,15.0,0.0,0.0,0.0,0.0,0.0,1.0,1.0,0.0,1.0,0.0,0.0,12.0,0.0,0.0,3.0,-14.3,6.0,-10.0,0.0,0.0,0.0,113.0,136.0,1.0,0.0,-0.0799999999999983,1.0,-0.19999999999998863
245,1.0,0.0,180.0,0.0,0.0,8.0,30.0,0.0,0.0,4.0,0.0,0.0,150.0,0.0,0.0,0.0,0.0,3.0,0.0,0.0,0.0,0.0,0.0,0.0,0.0,0.0,0.0,0.0,0.0,0.0,0.0,0.0,1.0,3.0,2.0,0.0,0.0,4.0,8.0,3.0,1.0,3.0,2.0,15.0,0.0,0.0,0.0,0.0,0.0,1.0,1.0,0.0,1.0,0.0,0.0,12.0,0.0,0.0,3.0,-14.3,6.0,-10.0,0.0,0.0,0.0,113.0,136.0,1.0,0.0,-0.0799999999999983,1.0,-0.19999999999998863
246,1.0,0.0,180.0,0.0,0.0,8.0,30.0,0.0,0.0,4.0,0.0,0.0,150.0,0.0,0.0,0.0,0.0,3.0,0.0,0.0,0.0,0.0,0.0,0.0,0.0,0.0,0.0,0.0,0.0,0.0,0.0,0.0,1.0,3.0,2.0,0.0,0.0,4.0,8.0,3.0,1.0,3.0,2.0,15.0,0.0,0.0,0.0,0.0,0.0,1.0,1.0,0.0,1.0,0.0,0.0,12.0,0.0,0.0,3.0,-14.3,6.0,-10.0,0.0,0.0,0.0,113.0,136.0,1.0,0.0,-0.0799999999999983,1.0,-0.19999999999998863
247,1.0,0.0,180.0,0.0,0.0,8.0,30.0,0.0,0.0,4.0,0.0,0.0,150.0,0.0,0.0,0.0,0.0,3.0,0.0,0.0,0.0,0.0,0.0,0.0,0.0,0.0,0.0,0.0,0.0,0.0,0.0,0.0,1.0,3.0,2.0,0.0,0.0,4.0,8.0,3.0,1.0,3.0,2.0,15.0,0.0,0.0,0.0,0.0,0.0,1.0,1.0,0.0,1.0,0.0,0.0,12.0,0.0,0.0,3.0,-14.3,6.0,-10.0,0.0,0.0,0.0,113.0,136.0,1.0,0.0,-0.0799999999999983,1.0,-0.19999999999998863
248,1.0,0.0,180.0,0.0,0.0,8.0,30.0,0.0,0.0,4.0,0.0,0.0,150.0,0.0,0.0,0.0,0.0,3.0,0.0,0.0,0.0,0.0,0.0,0.0,0.0,0.0,0.0,0.0,0.0,0.0,0.0,0.0,1.0,3.0,2.0,0.0,0.0,4.0,8.0,3.0,1.0,3.0,2.0,15.0,0.0,0.0,0.0,0.0,0.0,1.0,1.0,0.0,1.0,0.0,0.0,12.0,0.0,0.0,3.0,-14.3,6.0,-10.0,0.0,0.0,0.0,113.0,136.0,1.0,0.0,-0.0799999999999983,1.0,-0.19999999999998863
249,1.0,0.0,180.0,0.0,0.0,8.0,30.0,0.0,0.0,4.0,0.0,0.0,150.0,0.0,0.0,0.0,0.0,3.0,0.0,0.0,0.0,0.0,0.0,0.0,0.0,0.0,0.0,0.0,0.0,0.0,0.0,0.0,1.0,3.0,2.0,0.0,0.0,4.0,8.0,3.0,1.0,3.0,2.0,15.0,0.0,0.0,0.0,0.0,0.0,1.0,1.0,0.0,1.0,0.0,0.0,12.0,0.0,0.0,3.0,-14.3,6.0,-10.0,0.0,0.0,0.0,113.0,136.0,1.0,0.0,-0.0799999999999983,1.0,-0.19999999999998863
250,1.0,0.0,180.0,0.0,0.0,8.0,30.0,0.0,0.0,4.0,0.0,0.0,150.0,0.0,0.0,0.0,0.0,3.0,0.0,0.0,0.0,0.0,0.0,0.0,0.0,0.0,0.0,0.0,0.0,0.0,0.0,0.0,1.0,3.0,2.0,0.0,0.0,4.0,8.0,3.0,1.0,3.0,2.0,15.0,0.0,0.0,0.0,0.0,0.0,1.0,1.0,0.0,1.0,0.0,0.0,12.0,0.0,0.0,3.0,-14.3,6.0,-10.0,0.0,0.0,0.0,113.0,136.0,1.0,0.0,-0.0799999999999983,1.0,-0.19999999999998863
251,1.0,0.0,180.0,0.0,0.0,8.0,30.0,0.0,0.0,4.0,0.0,0.0,150.0,0.0,0.0,0.0,0.0,3.0,0.0,0.0,0.0,0.0,0.0,0.0,0.0,0.0,0.0,0.0,0.0,0.0,0.0,0.0,1.0,3.0,2.0,0.0,0.0,4.0,8.0,3.0,1.0,3.0,2.0,15.0,0.0,0.0,0.0,0.0,0.0,1.0,1.0,0.0,1.0,0.0,0.0,12.0,0.0,0.0,3.0,-14.3,6.0,-10.0,0.0,0.0,0.0,113.0,136.0,1.0,0.0,-0.0799999999999983,1.0,-0.19999999999998863
252,1.0,0.0,180.0,0.0,0.0,8.0,30.0,0.0,0.0,4.0,0.0,0.0,150.0,0.0,0.0,0.0,0.0,3.0,0.0,0.0,0.0,0.0,0.0,0.0,0.0,0.0,0.0,0.0,0.0,0.0,0.0,0.0,1.0,3.0,2.0,0.0,0.0,4.0,8.0,3.0,1.0,3.0,2.0,15.0,0.0,0.0,0.0,0.0,0.0,1.0,1.0,0.0,1.0,0.0,0.0,12.0,0.0,0.0,3.0,-14.3,6.0,-10.0,0.0,0.0,0.0,113.0,136.0,1.0,0.0,-0.0799999999999983,1.0,-0.19999999999998863
253,1.0,0.0,180.0,0.0,0.0,8.0,30.0,0.0,0.0,4.0,0.0,0.0,150.0,0.0,0.0,0.0,0.0,3.0,0.0,0.0,0.0,0.0,0.0,0.0,0.0,0.0,0.0,0.0,0.0,0.0,0.0,0.0,1.0,3.0,2.0,0.0,0.0,4.0,8.0,3.0,1.0,3.0,2.0,15.0,0.0,0.0,0.0,0.0,0.0,1.0,1.0,0.0,1.0,0.0,0.0,12.0,0.0,0.0,3.0,-14.3,6.0,-10.0,0.0,0.0,0.0,113.0,136.0,1.0,0.0,-0.0799999999999983,1.0,-0.19999999999998863
254,1.0,0.0,180.0,0.0,0.0,8.0,30.0,0.0,0.0,4.0,0.0,0.0,150.0,0.0,0.0,0.0,0.0,3.0,0.0,0.0,0.0,0.0,0.0,0.0,0.0,0.0,0.0,0.0,0.0,0.0,0.0,0.0,1.0,3.0,2.0,0.0,0.0,4.0,8.0,3.0,1.0,3.0,2.0,15.0,0.0,0.0,0.0,0.0,0.0,1.0,1.0,0.0,1.0,0.0,0.0,12.0,0.0,0.0,3.0,-14.3,6.0,-10.0,0.0,0.0,0.0,113.0,136.0,1.0,0.0,-0.0799999999999983,1.0,-0.19999999999998863
255,1.0,0.0,180.0,0.0,0.0,8.0,30.0,0.0,0.0,4.0,0.0,0.0,150.0,0.0,0.0,0.0,0.0,3.0,0.0,0.0,0.0,0.0,0.0,0.0,0.0,0.0,0.0,0.0,0.0,0.0,0.0,0.0,1.0,3.0,2.0,0.0,0.0,4.0,8.0,3.0,1.0,3.0,2.0,15.0,0.0,0.0,0.0,0.0,0.0,1.0,1.0,0.0,1.0,0.0,0.0,12.0,0.0,0.0,3.0,-14.3,6.0,-10.0,0.0,0.0,0.0,113.0,136.0,1.0,0.0,-0.0799999999999983,1.0,-0.19999999999998863
256,1.0,0.0,180.0,0.0,0.0,8.0,30.0,0.0,0.0,4.0,0.0,0.0,150.0,0.0,0.0,0.0,0.0,3.0,0.0,0.0,0.0,0.0,0.0,0.0,0.0,0.0,0.0,0.0,0.0,0.0,0.0,0.0,1.0,3.0,2.0,0.0,0.0,4.0,8.0,3.0,1.0,3.0,2.0,15.0,0.0,0.0,0.0,0.0,0.0,1.0,1.0,0.0,1.0,0.0,0.0,12.0,0.0,0.0,3.0,-14.3,6.0,-10.0,0.0,0.0,0.0,113.0,136.0,1.0,0.0,-0.0799999999999983,1.0,-0.19999999999998863
257,1.0,0.0,180.0,0.0,0.0,8.0,30.0,0.0,0.0,4.0,0.0,0.0,150.0,0.0,0.0,0.0,0.0,3.0,0.0,0.0,0.0,0.0,0.0,0.0,0.0,0.0,0.0,0.0,0.0,0.0,0.0,0.0,1.0,3.0,2.0,0.0,0.0,4.0,8.0,3.0,1.0,3.0,2.0,15.0,0.0,0.0,0.0,0.0,0.0,1.0,1.0,0.0,1.0,0.0,0.0,12.0,0.0,0.0,3.0,-14.3,6.0,-10.0,0.0,0.0,0.0,113.0,136.0,1.0,0.0,-0.0799999999999983,1.0,-0.19999999999998863
258,1.0,0.0,180.0,0.0,0.0,8.0,30.0,0.0,0.0,4.0,0.0,0.0,150.0,0.0,0.0,0.0,0.0,3.0,0.0,0.0,0.0,0.0,0.0,0.0,0.0,0.0,0.0,0.0,0.0,0.0,0.0,0.0,1.0,3.0,2.0,0.0,0.0,4.0,8.0,3.0,1.0,3.0,2.0,15.0,0.0,0.0,0.0,0.0,0.0,1.0,1.0,0.0,1.0,0.0,0.0,12.0,0.0,0.0,3.0,-14.3,6.0,-10.0,0.0,0.0,0.0,113.0,136.0,1.0,0.0,-0.0799999999999983,1.0,-0.19999999999998863
259,1.0,0.0,180.0,0.0,0.0,8.0,30.0,0.0,0.0,4.0,0.0,0.0,150.0,0.0,0.0,0.0,0.0,3.0,0.0,0.0,0.0,0.0,0.0,0.0,0.0,0.0,0.0,0.0,0.0,0.0,0.0,0.0,1.0,3.0,2.0,0.0,0.0,4.0,8.0,3.0,1.0,3.0,2.0,15.0,0.0,0.0,0.0,0.0,0.0,1.0,1.0,0.0,1.0,0.0,0.0,12.0,0.0,0.0,3.0,-14.3,6.0,-10.0,0.0,0.0,0.0,113.0,136.0,1.0,0.0,-0.0799999999999983,1.0,-0.19999999999998863
260,1.0,0.0,180.0,0.0,0.0,8.0,30.0,0.0,0.0,4.0,0.0,0.0,150.0,0.0,0.0,0.0,0.0,3.0,0.0,0.0,0.0,0.0,0.0,0.0,0.0,0.0,0.0,0.0,0.0,0.0,0.0,0.0,1.0,3.0,2.0,0.0,0.0,4.0,8.0,3.0,1.0,3.0,2.0,15.0,0.0,0.0,0.0,0.0,0.0,1.0,1.0,0.0,1.0,0.0,0.0,12.0,0.0,0.0,3.0,-14.3,6.0,-10.0,0.0,0.0,0.0,113.0,136.0,1.0,0.0,-0.0799999999999983,1.0,-0.19999999999998863
261,1.0,0.0,180.0,0.0,0.0,8.0,30.0,0.0,0.0,4.0,0.0,0.0,150.0,0.0,0.0,0.0,0.0,3.0,0.0,0.0,0.0,0.0,0.0,0.0,0.0,0.0,0.0,0.0,0.0,0.0,0.0,0.0,1.0,3.0,2.0,0.0,0.0,4.0,8.0,3.0,1.0,3.0,2.0,15.0,0.0,0.0,0.0,0.0,0.0,1.0,1.0,0.0,1.0,0.0,0.0,12.0,0.0,0.0,3.0,-14.3,6.0,-10.0,0.0,0.0,0.0,113.0,136.0,1.0,0.0,-0.0799999999999983,1.0,-0.19999999999998863
